0,0,vQ51lgPXhhedr5KWNboHGNWVTRA=,Nhz1prpCJpBZucO+olil3dFjutU=
0,1,vQ51lgPXhhedr5KWNboHGNWVTRA=,IeeH8WepbUtsG21MAfK6xCtbq+0=
1,1,VqVI/s0f3AsFkgCKGY/KYSkwiFU=,qmYIgbMFzCZyqy7lyRe46WRFvyw=
1,0,OyED/m9O0x4Skeq7AKH/oRJCamQ=,IGxMgRZRMPWs/WwvXxHNuT1OvvY=
1,2,VqVI/s0f3AsFkgCKGY/KYSkwiFU=,phUKgoqMmWXYyTNvwSzELU0uNoY=
1,3,VqVI/s0f3AsFkgCKGY/KYSkwiFU=,nrrKBkI+MhqEnknjvaR2ZMJODqY=
2,2,44gsy3V1Y5ZnJ8eH+vGvUVCp+ZU=,/dx5PRKY+d3u/TEnXwy2bdz7ERE=
2,3,44gsy3V1Y5ZnJ8eH+vGvUVCp+ZU=,ZsEvO6nBrLyRMLpvCfUVtGzmw80=
2,1,VqVI/s0f3AsFkgCKGY/KYSkwiFU=,KKWtYb43v4NTe6gxD8TNHFPUHQ8=
3,3,+cBvh9ROKw4ph7XDKomfLSlz1Gg=,y3hnnfZGzQEyCalgQoGkCcPdiUo=
