-12,11,PjQ9bjRojClAvqw5Ka1XuBnlocQ=,oG4N/UUotLiivWsG9dLmLzpWTbs=
-13,11,PjQ9bjRojClAvqw5Ka1XuBnlocQ=,oG4N/UUotLiivWsG9dLmLzpWTbs=
-15,11,PjQ9bjRojClAvqw5Ka1XuBnlocQ=,oG4N/UUotLiivWsG9dLmLzpWTbs=
-14,11,PjQ9bjRojClAvqw5Ka1XuBnlocQ=,oG4N/UUotLiivWsG9dLmLzpWTbs=
-10,14,PjQ9bjRojClAvqw5Ka1XuBnlocQ=,oG4N/UUotLiivWsG9dLmLzpWTbs=
-15,10,PjQ9bjRojClAvqw5Ka1XuBnlocQ=,oG4N/UUotLiivWsG9dLmLzpWTbs=
-13,10,PjQ9bjRojClAvqw5Ka1XuBnlocQ=,oG4N/UUotLiivWsG9dLmLzpWTbs=
-12,14,PjQ9bjRojClAvqw5Ka1XuBnlocQ=,oG4N/UUotLiivWsG9dLmLzpWTbs=
-11,14,PjQ9bjRojClAvqw5Ka1XuBnlocQ=,oG4N/UUotLiivWsG9dLmLzpWTbs=
-15,14,PjQ9bjRojClAvqw5Ka1XuBnlocQ=,oG4N/UUotLiivWsG9dLmLzpWTbs=
-13,14,PjQ9bjRojClAvqw5Ka1XuBnlocQ=,oG4N/UUotLiivWsG9dLmLzpWTbs=
-14,10,PjQ9bjRojClAvqw5Ka1XuBnlocQ=,oG4N/UUotLiivWsG9dLmLzpWTbs=
-11,10,PjQ9bjRojClAvqw5Ka1XuBnlocQ=,oG4N/UUotLiivWsG9dLmLzpWTbs=
-10,10,PjQ9bjRojClAvqw5Ka1XuBnlocQ=,oG4N/UUotLiivWsG9dLmLzpWTbs=
-14,14,PjQ9bjRojClAvqw5Ka1XuBnlocQ=,oG4N/UUotLiivWsG9dLmLzpWTbs=
-15,9,PjQ9bjRojClAvqw5Ka1XuBnlocQ=,oG4N/UUotLiivWsG9dLmLzpWTbs=
-10,9,PjQ9bjRojClAvqw5Ka1XuBnlocQ=,oG4N/UUotLiivWsG9dLmLzpWTbs=
-15,13,PjQ9bjRojClAvqw5Ka1XuBnlocQ=,oG4N/UUotLiivWsG9dLmLzpWTbs=
-10,13,PjQ9bjRojClAvqw5Ka1XuBnlocQ=,oG4N/UUotLiivWsG9dLmLzpWTbs=
-13,9,PjQ9bjRojClAvqw5Ka1XuBnlocQ=,oG4N/UUotLiivWsG9dLmLzpWTbs=
-11,13,PjQ9bjRojClAvqw5Ka1XuBnlocQ=,oG4N/UUotLiivWsG9dLmLzpWTbs=
-12,13,PjQ9bjRojClAvqw5Ka1XuBnlocQ=,oG4N/UUotLiivWsG9dLmLzpWTbs=
-14,9,PjQ9bjRojClAvqw5Ka1XuBnlocQ=,oG4N/UUotLiivWsG9dLmLzpWTbs=
-13,13,PjQ9bjRojClAvqw5Ka1XuBnlocQ=,oG4N/UUotLiivWsG9dLmLzpWTbs=
-15,15,PjQ9bjRojClAvqw5Ka1XuBnlocQ=,oG4N/UUotLiivWsG9dLmLzpWTbs=
-14,15,PjQ9bjRojClAvqw5Ka1XuBnlocQ=,oG4N/UUotLiivWsG9dLmLzpWTbs=
-13,15,PjQ9bjRojClAvqw5Ka1XuBnlocQ=,oG4N/UUotLiivWsG9dLmLzpWTbs=
-12,15,PjQ9bjRojClAvqw5Ka1XuBnlocQ=,oG4N/UUotLiivWsG9dLmLzpWTbs=
-11,15,PjQ9bjRojClAvqw5Ka1XuBnlocQ=,oG4N/UUotLiivWsG9dLmLzpWTbs=
-10,15,PjQ9bjRojClAvqw5Ka1XuBnlocQ=,oG4N/UUotLiivWsG9dLmLzpWTbs=
-14,13,PjQ9bjRojClAvqw5Ka1XuBnlocQ=,oG4N/UUotLiivWsG9dLmLzpWTbs=
-15,12,PjQ9bjRojClAvqw5Ka1XuBnlocQ=,oG4N/UUotLiivWsG9dLmLzpWTbs=
-12,10,PjQ9bjRojClAvqw5Ka1XuBnlocQ=,oG4N/UUotLiivWsG9dLmLzpWTbs=
-10,12,PjQ9bjRojClAvqw5Ka1XuBnlocQ=,oG4N/UUotLiivWsG9dLmLzpWTbs=
-11,12,PjQ9bjRojClAvqw5Ka1XuBnlocQ=,oG4N/UUotLiivWsG9dLmLzpWTbs=
-12,12,PjQ9bjRojClAvqw5Ka1XuBnlocQ=,oG4N/UUotLiivWsG9dLmLzpWTbs=
-13,12,PjQ9bjRojClAvqw5Ka1XuBnlocQ=,oG4N/UUotLiivWsG9dLmLzpWTbs=
-12,9,PjQ9bjRojClAvqw5Ka1XuBnlocQ=,oG4N/UUotLiivWsG9dLmLzpWTbs=
-10,11,PjQ9bjRojClAvqw5Ka1XuBnlocQ=,oG4N/UUotLiivWsG9dLmLzpWTbs=
-11,9,PjQ9bjRojClAvqw5Ka1XuBnlocQ=,oG4N/UUotLiivWsG9dLmLzpWTbs=
-14,12,PjQ9bjRojClAvqw5Ka1XuBnlocQ=,oG4N/UUotLiivWsG9dLmLzpWTbs=
-11,11,PjQ9bjRojClAvqw5Ka1XuBnlocQ=,oG4N/UUotLiivWsG9dLmLzpWTbs=
-12,5,PjQ9bjRojClAvqw5Ka1XuBnlocQ=,q5G1ACoCJw7XC78ok237Ud+ktDs=
-13,5,PjQ9bjRojClAvqw5Ka1XuBnlocQ=,q5G1ACoCJw7XC78ok237Ud+ktDs=
-16,5,PjQ9bjRojClAvqw5Ka1XuBnlocQ=,q5G1ACoCJw7XC78ok237Ud+ktDs=
-16,1,PjQ9bjRojClAvqw5Ka1XuBnlocQ=,q5G1ACoCJw7XC78ok237Ud+ktDs=
-11,5,PjQ9bjRojClAvqw5Ka1XuBnlocQ=,q5G1ACoCJw7XC78ok237Ud+ktDs=
-15,5,PjQ9bjRojClAvqw5Ka1XuBnlocQ=,q5G1ACoCJw7XC78ok237Ud+ktDs=
-14,1,PjQ9bjRojClAvqw5Ka1XuBnlocQ=,q5G1ACoCJw7XC78ok237Ud+ktDs=
-15,1,PjQ9bjRojClAvqw5Ka1XuBnlocQ=,q5G1ACoCJw7XC78ok237Ud+ktDs=
-14,8,PjQ9bjRojClAvqw5Ka1XuBnlocQ=,oG4N/UUotLiivWsG9dLmLzpWTbs=
-14,4,PjQ9bjRojClAvqw5Ka1XuBnlocQ=,q5G1ACoCJw7XC78ok237Ud+ktDs=
-15,4,PjQ9bjRojClAvqw5Ka1XuBnlocQ=,q5G1ACoCJw7XC78ok237Ud+ktDs=
-15,8,PjQ9bjRojClAvqw5Ka1XuBnlocQ=,oG4N/UUotLiivWsG9dLmLzpWTbs=
-14,5,PjQ9bjRojClAvqw5Ka1XuBnlocQ=,q5G1ACoCJw7XC78ok237Ud+ktDs=
-10,4,PjQ9bjRojClAvqw5Ka1XuBnlocQ=,q5G1ACoCJw7XC78ok237Ud+ktDs=
-13,8,PjQ9bjRojClAvqw5Ka1XuBnlocQ=,oG4N/UUotLiivWsG9dLmLzpWTbs=
-10,5,PjQ9bjRojClAvqw5Ka1XuBnlocQ=,q5G1ACoCJw7XC78ok237Ud+ktDs=
-11,4,PjQ9bjRojClAvqw5Ka1XuBnlocQ=,q5G1ACoCJw7XC78ok237Ud+ktDs=
-11,8,PjQ9bjRojClAvqw5Ka1XuBnlocQ=,oG4N/UUotLiivWsG9dLmLzpWTbs=
-13,4,PjQ9bjRojClAvqw5Ka1XuBnlocQ=,q5G1ACoCJw7XC78ok237Ud+ktDs=
-10,8,PjQ9bjRojClAvqw5Ka1XuBnlocQ=,oG4N/UUotLiivWsG9dLmLzpWTbs=
-12,4,PjQ9bjRojClAvqw5Ka1XuBnlocQ=,q5G1ACoCJw7XC78ok237Ud+ktDs=
-12,8,PjQ9bjRojClAvqw5Ka1XuBnlocQ=,oG4N/UUotLiivWsG9dLmLzpWTbs=
-15,7,PjQ9bjRojClAvqw5Ka1XuBnlocQ=,q5G1ACoCJw7XC78ok237Ud+ktDs=
-12,7,PjQ9bjRojClAvqw5Ka1XuBnlocQ=,q5G1ACoCJw7XC78ok237Ud+ktDs=
-13,7,PjQ9bjRojClAvqw5Ka1XuBnlocQ=,q5G1ACoCJw7XC78ok237Ud+ktDs=
-16,4,PjQ9bjRojClAvqw5Ka1XuBnlocQ=,q5G1ACoCJw7XC78ok237Ud+ktDs=
-13,1,PjQ9bjRojClAvqw5Ka1XuBnlocQ=,q5G1ACoCJw7XC78ok237Ud+ktDs=
-14,7,PjQ9bjRojClAvqw5Ka1XuBnlocQ=,q5G1ACoCJw7XC78ok237Ud+ktDs=
-10,7,PjQ9bjRojClAvqw5Ka1XuBnlocQ=,q5G1ACoCJw7XC78ok237Ud+ktDs=
-13,6,PjQ9bjRojClAvqw5Ka1XuBnlocQ=,q5G1ACoCJw7XC78ok237Ud+ktDs=
-12,6,PjQ9bjRojClAvqw5Ka1XuBnlocQ=,q5G1ACoCJw7XC78ok237Ud+ktDs=
-10,6,PjQ9bjRojClAvqw5Ka1XuBnlocQ=,q5G1ACoCJw7XC78ok237Ud+ktDs=
-11,7,PjQ9bjRojClAvqw5Ka1XuBnlocQ=,q5G1ACoCJw7XC78ok237Ud+ktDs=
-14,3,PjQ9bjRojClAvqw5Ka1XuBnlocQ=,q5G1ACoCJw7XC78ok237Ud+ktDs=
-16,3,PjQ9bjRojClAvqw5Ka1XuBnlocQ=,q5G1ACoCJw7XC78ok237Ud+ktDs=
-12,1,PjQ9bjRojClAvqw5Ka1XuBnlocQ=,q5G1ACoCJw7XC78ok237Ud+ktDs=
-15,3,PjQ9bjRojClAvqw5Ka1XuBnlocQ=,q5G1ACoCJw7XC78ok237Ud+ktDs=
-11,6,PjQ9bjRojClAvqw5Ka1XuBnlocQ=,q5G1ACoCJw7XC78ok237Ud+ktDs=
-10,3,PjQ9bjRojClAvqw5Ka1XuBnlocQ=,q5G1ACoCJw7XC78ok237Ud+ktDs=
-16,6,PjQ9bjRojClAvqw5Ka1XuBnlocQ=,q5G1ACoCJw7XC78ok237Ud+ktDs=
-14,2,PjQ9bjRojClAvqw5Ka1XuBnlocQ=,q5G1ACoCJw7XC78ok237Ud+ktDs=
-11,3,PjQ9bjRojClAvqw5Ka1XuBnlocQ=,q5G1ACoCJw7XC78ok237Ud+ktDs=
-15,2,PjQ9bjRojClAvqw5Ka1XuBnlocQ=,q5G1ACoCJw7XC78ok237Ud+ktDs=
-16,2,PjQ9bjRojClAvqw5Ka1XuBnlocQ=,q5G1ACoCJw7XC78ok237Ud+ktDs=
-13,3,PjQ9bjRojClAvqw5Ka1XuBnlocQ=,q5G1ACoCJw7XC78ok237Ud+ktDs=
-13,2,PjQ9bjRojClAvqw5Ka1XuBnlocQ=,q5G1ACoCJw7XC78ok237Ud+ktDs=
-10,2,PjQ9bjRojClAvqw5Ka1XuBnlocQ=,q5G1ACoCJw7XC78ok237Ud+ktDs=
-12,3,PjQ9bjRojClAvqw5Ka1XuBnlocQ=,q5G1ACoCJw7XC78ok237Ud+ktDs=
-11,2,PjQ9bjRojClAvqw5Ka1XuBnlocQ=,q5G1ACoCJw7XC78ok237Ud+ktDs=
-14,6,PjQ9bjRojClAvqw5Ka1XuBnlocQ=,q5G1ACoCJw7XC78ok237Ud+ktDs=
-15,6,PjQ9bjRojClAvqw5Ka1XuBnlocQ=,q5G1ACoCJw7XC78ok237Ud+ktDs=
-11,1,PjQ9bjRojClAvqw5Ka1XuBnlocQ=,q5G1ACoCJw7XC78ok237Ud+ktDs=
-10,1,PjQ9bjRojClAvqw5Ka1XuBnlocQ=,q5G1ACoCJw7XC78ok237Ud+ktDs=
-12,2,PjQ9bjRojClAvqw5Ka1XuBnlocQ=,q5G1ACoCJw7XC78ok237Ud+ktDs=
-15,0,PjQ9bjRojClAvqw5Ka1XuBnlocQ=,q5G1ACoCJw7XC78ok237Ud+ktDs=
-14,0,PjQ9bjRojClAvqw5Ka1XuBnlocQ=,q5G1ACoCJw7XC78ok237Ud+ktDs=
-16,7,PjQ9bjRojClAvqw5Ka1XuBnlocQ=,q5G1ACoCJw7XC78ok237Ud+ktDs=
-16,12,PjQ9bjRojClAvqw5Ka1XuBnlocQ=,oG4N/UUotLiivWsG9dLmLzpWTbs=
-16,8,PjQ9bjRojClAvqw5Ka1XuBnlocQ=,oG4N/UUotLiivWsG9dLmLzpWTbs=
-16,13,PjQ9bjRojClAvqw5Ka1XuBnlocQ=,oG4N/UUotLiivWsG9dLmLzpWTbs=
-16,9,PjQ9bjRojClAvqw5Ka1XuBnlocQ=,oG4N/UUotLiivWsG9dLmLzpWTbs=
-16,14,PjQ9bjRojClAvqw5Ka1XuBnlocQ=,oG4N/UUotLiivWsG9dLmLzpWTbs=
-16,10,PjQ9bjRojClAvqw5Ka1XuBnlocQ=,oG4N/UUotLiivWsG9dLmLzpWTbs=
-16,11,PjQ9bjRojClAvqw5Ka1XuBnlocQ=,oG4N/UUotLiivWsG9dLmLzpWTbs=
-16,15,PjQ9bjRojClAvqw5Ka1XuBnlocQ=,oG4N/UUotLiivWsG9dLmLzpWTbs=
-16,0,PjQ9bjRojClAvqw5Ka1XuBnlocQ=,q5G1ACoCJw7XC78ok237Ud+ktDs=
-10,0,PjQ9bjRojClAvqw5Ka1XuBnlocQ=,q5G1ACoCJw7XC78ok237Ud+ktDs=
-12,0,PjQ9bjRojClAvqw5Ka1XuBnlocQ=,q5G1ACoCJw7XC78ok237Ud+ktDs=
-13,0,PjQ9bjRojClAvqw5Ka1XuBnlocQ=,q5G1ACoCJw7XC78ok237Ud+ktDs=
-11,0,PjQ9bjRojClAvqw5Ka1XuBnlocQ=,q5G1ACoCJw7XC78ok237Ud+ktDs=
-5,15,PjQ9bjRojClAvqw5Ka1XuBnlocQ=,IMwZ4R0k7usvQA90ne3/iWw7V8o=
-6,15,PjQ9bjRojClAvqw5Ka1XuBnlocQ=,IMwZ4R0k7usvQA90ne3/iWw7V8o=
-9,15,PjQ9bjRojClAvqw5Ka1XuBnlocQ=,oG4N/UUotLiivWsG9dLmLzpWTbs=
-7,15,PjQ9bjRojClAvqw5Ka1XuBnlocQ=,IMwZ4R0k7usvQA90ne3/iWw7V8o=
-4,10,PjQ9bjRojClAvqw5Ka1XuBnlocQ=,IMwZ4R0k7usvQA90ne3/iWw7V8o=
-3,14,PjQ9bjRojClAvqw5Ka1XuBnlocQ=,IMwZ4R0k7usvQA90ne3/iWw7V8o=
-4,15,PjQ9bjRojClAvqw5Ka1XuBnlocQ=,IMwZ4R0k7usvQA90ne3/iWw7V8o=
-5,10,PjQ9bjRojClAvqw5Ka1XuBnlocQ=,IMwZ4R0k7usvQA90ne3/iWw7V8o=
-5,14,PjQ9bjRojClAvqw5Ka1XuBnlocQ=,IMwZ4R0k7usvQA90ne3/iWw7V8o=
-4,14,PjQ9bjRojClAvqw5Ka1XuBnlocQ=,IMwZ4R0k7usvQA90ne3/iWw7V8o=
-8,15,PjQ9bjRojClAvqw5Ka1XuBnlocQ=,IMwZ4R0k7usvQA90ne3/iWw7V8o=
-6,14,PjQ9bjRojClAvqw5Ka1XuBnlocQ=,IMwZ4R0k7usvQA90ne3/iWw7V8o=
-7,13,PjQ9bjRojClAvqw5Ka1XuBnlocQ=,IMwZ4R0k7usvQA90ne3/iWw7V8o=
-6,12,PjQ9bjRojClAvqw5Ka1XuBnlocQ=,IMwZ4R0k7usvQA90ne3/iWw7V8o=
-3,15,PjQ9bjRojClAvqw5Ka1XuBnlocQ=,IMwZ4R0k7usvQA90ne3/iWw7V8o=
-9,10,PjQ9bjRojClAvqw5Ka1XuBnlocQ=,oG4N/UUotLiivWsG9dLmLzpWTbs=
-6,10,PjQ9bjRojClAvqw5Ka1XuBnlocQ=,IMwZ4R0k7usvQA90ne3/iWw7V8o=
-8,13,PjQ9bjRojClAvqw5Ka1XuBnlocQ=,IMwZ4R0k7usvQA90ne3/iWw7V8o=
-7,12,PjQ9bjRojClAvqw5Ka1XuBnlocQ=,IMwZ4R0k7usvQA90ne3/iWw7V8o=
-2,14,PjQ9bjRojClAvqw5Ka1XuBnlocQ=,IMwZ4R0k7usvQA90ne3/iWw7V8o=
-1,14,PjQ9bjRojClAvqw5Ka1XuBnlocQ=,IMwZ4R0k7usvQA90ne3/iWw7V8o=
-9,14,PjQ9bjRojClAvqw5Ka1XuBnlocQ=,oG4N/UUotLiivWsG9dLmLzpWTbs=
-6,13,PjQ9bjRojClAvqw5Ka1XuBnlocQ=,IMwZ4R0k7usvQA90ne3/iWw7V8o=
-2,15,PjQ9bjRojClAvqw5Ka1XuBnlocQ=,IMwZ4R0k7usvQA90ne3/iWw7V8o=
-7,10,PjQ9bjRojClAvqw5Ka1XuBnlocQ=,IMwZ4R0k7usvQA90ne3/iWw7V8o=
-9,9,PjQ9bjRojClAvqw5Ka1XuBnlocQ=,oG4N/UUotLiivWsG9dLmLzpWTbs=
-8,10,PjQ9bjRojClAvqw5Ka1XuBnlocQ=,IMwZ4R0k7usvQA90ne3/iWw7V8o=
-1,9,PjQ9bjRojClAvqw5Ka1XuBnlocQ=,IMwZ4R0k7usvQA90ne3/iWw7V8o=
-1,15,PjQ9bjRojClAvqw5Ka1XuBnlocQ=,IMwZ4R0k7usvQA90ne3/iWw7V8o=
-1,12,PjQ9bjRojClAvqw5Ka1XuBnlocQ=,IMwZ4R0k7usvQA90ne3/iWw7V8o=
-5,13,PjQ9bjRojClAvqw5Ka1XuBnlocQ=,IMwZ4R0k7usvQA90ne3/iWw7V8o=
-9,13,PjQ9bjRojClAvqw5Ka1XuBnlocQ=,oG4N/UUotLiivWsG9dLmLzpWTbs=
-9,12,PjQ9bjRojClAvqw5Ka1XuBnlocQ=,oG4N/UUotLiivWsG9dLmLzpWTbs=
-2,12,PjQ9bjRojClAvqw5Ka1XuBnlocQ=,IMwZ4R0k7usvQA90ne3/iWw7V8o=
-2,9,PjQ9bjRojClAvqw5Ka1XuBnlocQ=,IMwZ4R0k7usvQA90ne3/iWw7V8o=
-4,13,PjQ9bjRojClAvqw5Ka1XuBnlocQ=,IMwZ4R0k7usvQA90ne3/iWw7V8o=
-4,9,PjQ9bjRojClAvqw5Ka1XuBnlocQ=,IMwZ4R0k7usvQA90ne3/iWw7V8o=
-3,9,PjQ9bjRojClAvqw5Ka1XuBnlocQ=,IMwZ4R0k7usvQA90ne3/iWw7V8o=
-1,13,PjQ9bjRojClAvqw5Ka1XuBnlocQ=,IMwZ4R0k7usvQA90ne3/iWw7V8o=
-3,12,PjQ9bjRojClAvqw5Ka1XuBnlocQ=,IMwZ4R0k7usvQA90ne3/iWw7V8o=
-9,11,PjQ9bjRojClAvqw5Ka1XuBnlocQ=,oG4N/UUotLiivWsG9dLmLzpWTbs=
-5,9,PjQ9bjRojClAvqw5Ka1XuBnlocQ=,IMwZ4R0k7usvQA90ne3/iWw7V8o=
-7,9,PjQ9bjRojClAvqw5Ka1XuBnlocQ=,IMwZ4R0k7usvQA90ne3/iWw7V8o=
-6,9,PjQ9bjRojClAvqw5Ka1XuBnlocQ=,IMwZ4R0k7usvQA90ne3/iWw7V8o=
-3,13,PjQ9bjRojClAvqw5Ka1XuBnlocQ=,IMwZ4R0k7usvQA90ne3/iWw7V8o=
-8,9,PjQ9bjRojClAvqw5Ka1XuBnlocQ=,IMwZ4R0k7usvQA90ne3/iWw7V8o=
-7,11,PjQ9bjRojClAvqw5Ka1XuBnlocQ=,IMwZ4R0k7usvQA90ne3/iWw7V8o=
-8,12,PjQ9bjRojClAvqw5Ka1XuBnlocQ=,IMwZ4R0k7usvQA90ne3/iWw7V8o=
-2,13,PjQ9bjRojClAvqw5Ka1XuBnlocQ=,IMwZ4R0k7usvQA90ne3/iWw7V8o=
-4,11,PjQ9bjRojClAvqw5Ka1XuBnlocQ=,IMwZ4R0k7usvQA90ne3/iWw7V8o=
-8,11,PjQ9bjRojClAvqw5Ka1XuBnlocQ=,IMwZ4R0k7usvQA90ne3/iWw7V8o=
-1,11,PjQ9bjRojClAvqw5Ka1XuBnlocQ=,IMwZ4R0k7usvQA90ne3/iWw7V8o=
-5,11,PjQ9bjRojClAvqw5Ka1XuBnlocQ=,IMwZ4R0k7usvQA90ne3/iWw7V8o=
-2,11,PjQ9bjRojClAvqw5Ka1XuBnlocQ=,IMwZ4R0k7usvQA90ne3/iWw7V8o=
-7,14,PjQ9bjRojClAvqw5Ka1XuBnlocQ=,IMwZ4R0k7usvQA90ne3/iWw7V8o=
-8,14,PjQ9bjRojClAvqw5Ka1XuBnlocQ=,IMwZ4R0k7usvQA90ne3/iWw7V8o=
-3,11,PjQ9bjRojClAvqw5Ka1XuBnlocQ=,IMwZ4R0k7usvQA90ne3/iWw7V8o=
-5,12,PjQ9bjRojClAvqw5Ka1XuBnlocQ=,IMwZ4R0k7usvQA90ne3/iWw7V8o=
-6,11,PjQ9bjRojClAvqw5Ka1XuBnlocQ=,IMwZ4R0k7usvQA90ne3/iWw7V8o=
-4,12,PjQ9bjRojClAvqw5Ka1XuBnlocQ=,IMwZ4R0k7usvQA90ne3/iWw7V8o=
-2,10,PjQ9bjRojClAvqw5Ka1XuBnlocQ=,IMwZ4R0k7usvQA90ne3/iWw7V8o=
-3,10,PjQ9bjRojClAvqw5Ka1XuBnlocQ=,IMwZ4R0k7usvQA90ne3/iWw7V8o=
-1,10,PjQ9bjRojClAvqw5Ka1XuBnlocQ=,IMwZ4R0k7usvQA90ne3/iWw7V8o=
-7,7,PjQ9bjRojClAvqw5Ka1XuBnlocQ=,etdF+MDF1Gp4pa6PxdxBwrMqVls=
-8,7,PjQ9bjRojClAvqw5Ka1XuBnlocQ=,etdF+MDF1Gp4pa6PxdxBwrMqVls=
-4,7,PjQ9bjRojClAvqw5Ka1XuBnlocQ=,etdF+MDF1Gp4pa6PxdxBwrMqVls=
-6,7,PjQ9bjRojClAvqw5Ka1XuBnlocQ=,etdF+MDF1Gp4pa6PxdxBwrMqVls=
-2,6,PjQ9bjRojClAvqw5Ka1XuBnlocQ=,etdF+MDF1Gp4pa6PxdxBwrMqVls=
-1,6,PjQ9bjRojClAvqw5Ka1XuBnlocQ=,etdF+MDF1Gp4pa6PxdxBwrMqVls=
-3,6,PjQ9bjRojClAvqw5Ka1XuBnlocQ=,etdF+MDF1Gp4pa6PxdxBwrMqVls=
-5,6,PjQ9bjRojClAvqw5Ka1XuBnlocQ=,etdF+MDF1Gp4pa6PxdxBwrMqVls=
-3,7,PjQ9bjRojClAvqw5Ka1XuBnlocQ=,etdF+MDF1Gp4pa6PxdxBwrMqVls=
-4,6,PjQ9bjRojClAvqw5Ka1XuBnlocQ=,etdF+MDF1Gp4pa6PxdxBwrMqVls=
-6,6,PjQ9bjRojClAvqw5Ka1XuBnlocQ=,etdF+MDF1Gp4pa6PxdxBwrMqVls=
-1,5,PjQ9bjRojClAvqw5Ka1XuBnlocQ=,etdF+MDF1Gp4pa6PxdxBwrMqVls=
-5,7,PjQ9bjRojClAvqw5Ka1XuBnlocQ=,etdF+MDF1Gp4pa6PxdxBwrMqVls=
-7,6,PjQ9bjRojClAvqw5Ka1XuBnlocQ=,etdF+MDF1Gp4pa6PxdxBwrMqVls=
-2,5,PjQ9bjRojClAvqw5Ka1XuBnlocQ=,etdF+MDF1Gp4pa6PxdxBwrMqVls=
-8,6,PjQ9bjRojClAvqw5Ka1XuBnlocQ=,etdF+MDF1Gp4pa6PxdxBwrMqVls=
-2,7,PjQ9bjRojClAvqw5Ka1XuBnlocQ=,etdF+MDF1Gp4pa6PxdxBwrMqVls=
-7,5,PjQ9bjRojClAvqw5Ka1XuBnlocQ=,etdF+MDF1Gp4pa6PxdxBwrMqVls=
-4,5,PjQ9bjRojClAvqw5Ka1XuBnlocQ=,etdF+MDF1Gp4pa6PxdxBwrMqVls=
-5,5,PjQ9bjRojClAvqw5Ka1XuBnlocQ=,etdF+MDF1Gp4pa6PxdxBwrMqVls=
-6,5,PjQ9bjRojClAvqw5Ka1XuBnlocQ=,etdF+MDF1Gp4pa6PxdxBwrMqVls=
-1,4,PjQ9bjRojClAvqw5Ka1XuBnlocQ=,etdF+MDF1Gp4pa6PxdxBwrMqVls=
-1,7,PjQ9bjRojClAvqw5Ka1XuBnlocQ=,etdF+MDF1Gp4pa6PxdxBwrMqVls=
-8,5,PjQ9bjRojClAvqw5Ka1XuBnlocQ=,etdF+MDF1Gp4pa6PxdxBwrMqVls=
-2,4,PjQ9bjRojClAvqw5Ka1XuBnlocQ=,etdF+MDF1Gp4pa6PxdxBwrMqVls=
-3,4,PjQ9bjRojClAvqw5Ka1XuBnlocQ=,etdF+MDF1Gp4pa6PxdxBwrMqVls=
-4,4,PjQ9bjRojClAvqw5Ka1XuBnlocQ=,etdF+MDF1Gp4pa6PxdxBwrMqVls=
-6,4,PjQ9bjRojClAvqw5Ka1XuBnlocQ=,etdF+MDF1Gp4pa6PxdxBwrMqVls=
-9,0,PjQ9bjRojClAvqw5Ka1XuBnlocQ=,q5G1ACoCJw7XC78ok237Ud+ktDs=
-7,4,PjQ9bjRojClAvqw5Ka1XuBnlocQ=,etdF+MDF1Gp4pa6PxdxBwrMqVls=
-5,4,PjQ9bjRojClAvqw5Ka1XuBnlocQ=,etdF+MDF1Gp4pa6PxdxBwrMqVls=
-5,8,PjQ9bjRojClAvqw5Ka1XuBnlocQ=,IMwZ4R0k7usvQA90ne3/iWw7V8o=
-1,3,PjQ9bjRojClAvqw5Ka1XuBnlocQ=,etdF+MDF1Gp4pa6PxdxBwrMqVls=
-8,4,PjQ9bjRojClAvqw5Ka1XuBnlocQ=,etdF+MDF1Gp4pa6PxdxBwrMqVls=
-2,3,PjQ9bjRojClAvqw5Ka1XuBnlocQ=,etdF+MDF1Gp4pa6PxdxBwrMqVls=
-6,3,PjQ9bjRojClAvqw5Ka1XuBnlocQ=,etdF+MDF1Gp4pa6PxdxBwrMqVls=
-1,2,PjQ9bjRojClAvqw5Ka1XuBnlocQ=,etdF+MDF1Gp4pa6PxdxBwrMqVls=
-4,3,PjQ9bjRojClAvqw5Ka1XuBnlocQ=,etdF+MDF1Gp4pa6PxdxBwrMqVls=
-9,1,PjQ9bjRojClAvqw5Ka1XuBnlocQ=,q5G1ACoCJw7XC78ok237Ud+ktDs=
-7,3,PjQ9bjRojClAvqw5Ka1XuBnlocQ=,etdF+MDF1Gp4pa6PxdxBwrMqVls=
-5,3,PjQ9bjRojClAvqw5Ka1XuBnlocQ=,etdF+MDF1Gp4pa6PxdxBwrMqVls=
-8,3,PjQ9bjRojClAvqw5Ka1XuBnlocQ=,etdF+MDF1Gp4pa6PxdxBwrMqVls=
-9,5,PjQ9bjRojClAvqw5Ka1XuBnlocQ=,q5G1ACoCJw7XC78ok237Ud+ktDs=
-3,2,PjQ9bjRojClAvqw5Ka1XuBnlocQ=,etdF+MDF1Gp4pa6PxdxBwrMqVls=
-2,2,PjQ9bjRojClAvqw5Ka1XuBnlocQ=,etdF+MDF1Gp4pa6PxdxBwrMqVls=
-4,2,PjQ9bjRojClAvqw5Ka1XuBnlocQ=,etdF+MDF1Gp4pa6PxdxBwrMqVls=
-9,4,PjQ9bjRojClAvqw5Ka1XuBnlocQ=,q5G1ACoCJw7XC78ok237Ud+ktDs=
-6,2,PjQ9bjRojClAvqw5Ka1XuBnlocQ=,etdF+MDF1Gp4pa6PxdxBwrMqVls=
-5,2,PjQ9bjRojClAvqw5Ka1XuBnlocQ=,etdF+MDF1Gp4pa6PxdxBwrMqVls=
-2,1,PjQ9bjRojClAvqw5Ka1XuBnlocQ=,etdF+MDF1Gp4pa6PxdxBwrMqVls=
-3,1,PjQ9bjRojClAvqw5Ka1XuBnlocQ=,etdF+MDF1Gp4pa6PxdxBwrMqVls=
-7,2,PjQ9bjRojClAvqw5Ka1XuBnlocQ=,etdF+MDF1Gp4pa6PxdxBwrMqVls=
-8,0,PjQ9bjRojClAvqw5Ka1XuBnlocQ=,etdF+MDF1Gp4pa6PxdxBwrMqVls=
-8,2,PjQ9bjRojClAvqw5Ka1XuBnlocQ=,etdF+MDF1Gp4pa6PxdxBwrMqVls=
-4,1,PjQ9bjRojClAvqw5Ka1XuBnlocQ=,etdF+MDF1Gp4pa6PxdxBwrMqVls=
-1,1,PjQ9bjRojClAvqw5Ka1XuBnlocQ=,etdF+MDF1Gp4pa6PxdxBwrMqVls=
-9,7,PjQ9bjRojClAvqw5Ka1XuBnlocQ=,q5G1ACoCJw7XC78ok237Ud+ktDs=
-9,8,PjQ9bjRojClAvqw5Ka1XuBnlocQ=,oG4N/UUotLiivWsG9dLmLzpWTbs=
-1,8,PjQ9bjRojClAvqw5Ka1XuBnlocQ=,IMwZ4R0k7usvQA90ne3/iWw7V8o=
-9,2,PjQ9bjRojClAvqw5Ka1XuBnlocQ=,q5G1ACoCJw7XC78ok237Ud+ktDs=
-2,8,PjQ9bjRojClAvqw5Ka1XuBnlocQ=,IMwZ4R0k7usvQA90ne3/iWw7V8o=
-3,8,PjQ9bjRojClAvqw5Ka1XuBnlocQ=,IMwZ4R0k7usvQA90ne3/iWw7V8o=
-8,8,PjQ9bjRojClAvqw5Ka1XuBnlocQ=,IMwZ4R0k7usvQA90ne3/iWw7V8o=
-4,8,PjQ9bjRojClAvqw5Ka1XuBnlocQ=,IMwZ4R0k7usvQA90ne3/iWw7V8o=
-6,8,PjQ9bjRojClAvqw5Ka1XuBnlocQ=,IMwZ4R0k7usvQA90ne3/iWw7V8o=
-5,1,PjQ9bjRojClAvqw5Ka1XuBnlocQ=,etdF+MDF1Gp4pa6PxdxBwrMqVls=
-6,1,PjQ9bjRojClAvqw5Ka1XuBnlocQ=,etdF+MDF1Gp4pa6PxdxBwrMqVls=
-3,3,PjQ9bjRojClAvqw5Ka1XuBnlocQ=,etdF+MDF1Gp4pa6PxdxBwrMqVls=
-1,0,PjQ9bjRojClAvqw5Ka1XuBnlocQ=,etdF+MDF1Gp4pa6PxdxBwrMqVls=
-7,1,PjQ9bjRojClAvqw5Ka1XuBnlocQ=,etdF+MDF1Gp4pa6PxdxBwrMqVls=
-2,0,PjQ9bjRojClAvqw5Ka1XuBnlocQ=,etdF+MDF1Gp4pa6PxdxBwrMqVls=
-3,5,PjQ9bjRojClAvqw5Ka1XuBnlocQ=,etdF+MDF1Gp4pa6PxdxBwrMqVls=
-7,0,PjQ9bjRojClAvqw5Ka1XuBnlocQ=,etdF+MDF1Gp4pa6PxdxBwrMqVls=
-8,1,PjQ9bjRojClAvqw5Ka1XuBnlocQ=,etdF+MDF1Gp4pa6PxdxBwrMqVls=
-3,0,PjQ9bjRojClAvqw5Ka1XuBnlocQ=,etdF+MDF1Gp4pa6PxdxBwrMqVls=
-4,0,PjQ9bjRojClAvqw5Ka1XuBnlocQ=,etdF+MDF1Gp4pa6PxdxBwrMqVls=
-5,0,PjQ9bjRojClAvqw5Ka1XuBnlocQ=,etdF+MDF1Gp4pa6PxdxBwrMqVls=
-9,6,PjQ9bjRojClAvqw5Ka1XuBnlocQ=,q5G1ACoCJw7XC78ok237Ud+ktDs=
-6,0,PjQ9bjRojClAvqw5Ka1XuBnlocQ=,etdF+MDF1Gp4pa6PxdxBwrMqVls=
-9,3,PjQ9bjRojClAvqw5Ka1XuBnlocQ=,q5G1ACoCJw7XC78ok237Ud+ktDs=
-7,8,PjQ9bjRojClAvqw5Ka1XuBnlocQ=,IMwZ4R0k7usvQA90ne3/iWw7V8o=
-3,22,AbnrQ7vflsbX8e6TPaAVRfTt7uU=,zqdUya07JPxJ1SshGDq4f0SO5I4=
-4,19,AbnrQ7vflsbX8e6TPaAVRfTt7uU=,zqdUya07JPxJ1SshGDq4f0SO5I4=
-5,23,AbnrQ7vflsbX8e6TPaAVRfTt7uU=,zqdUya07JPxJ1SshGDq4f0SO5I4=
-3,21,AbnrQ7vflsbX8e6TPaAVRfTt7uU=,zqdUya07JPxJ1SshGDq4f0SO5I4=
-4,23,AbnrQ7vflsbX8e6TPaAVRfTt7uU=,zqdUya07JPxJ1SshGDq4f0SO5I4=
-3,23,AbnrQ7vflsbX8e6TPaAVRfTt7uU=,zqdUya07JPxJ1SshGDq4f0SO5I4=
-4,21,AbnrQ7vflsbX8e6TPaAVRfTt7uU=,zqdUya07JPxJ1SshGDq4f0SO5I4=
-6,23,AbnrQ7vflsbX8e6TPaAVRfTt7uU=,zqdUya07JPxJ1SshGDq4f0SO5I4=
-2,23,AbnrQ7vflsbX8e6TPaAVRfTt7uU=,zqdUya07JPxJ1SshGDq4f0SO5I4=
-6,17,AbnrQ7vflsbX8e6TPaAVRfTt7uU=,zqdUya07JPxJ1SshGDq4f0SO5I4=
-1,23,AbnrQ7vflsbX8e6TPaAVRfTt7uU=,zqdUya07JPxJ1SshGDq4f0SO5I4=
-7,17,AbnrQ7vflsbX8e6TPaAVRfTt7uU=,zqdUya07JPxJ1SshGDq4f0SO5I4=
-5,21,AbnrQ7vflsbX8e6TPaAVRfTt7uU=,zqdUya07JPxJ1SshGDq4f0SO5I4=
-8,17,AbnrQ7vflsbX8e6TPaAVRfTt7uU=,zqdUya07JPxJ1SshGDq4f0SO5I4=
-7,16,AbnrQ7vflsbX8e6TPaAVRfTt7uU=,zqdUya07JPxJ1SshGDq4f0SO5I4=
-2,16,AbnrQ7vflsbX8e6TPaAVRfTt7uU=,zqdUya07JPxJ1SshGDq4f0SO5I4=
-7,23,AbnrQ7vflsbX8e6TPaAVRfTt7uU=,zqdUya07JPxJ1SshGDq4f0SO5I4=
-6,16,AbnrQ7vflsbX8e6TPaAVRfTt7uU=,zqdUya07JPxJ1SshGDq4f0SO5I4=
-1,16,AbnrQ7vflsbX8e6TPaAVRfTt7uU=,zqdUya07JPxJ1SshGDq4f0SO5I4=
-5,19,AbnrQ7vflsbX8e6TPaAVRfTt7uU=,zqdUya07JPxJ1SshGDq4f0SO5I4=
-7,19,AbnrQ7vflsbX8e6TPaAVRfTt7uU=,zqdUya07JPxJ1SshGDq4f0SO5I4=
-6,19,AbnrQ7vflsbX8e6TPaAVRfTt7uU=,zqdUya07JPxJ1SshGDq4f0SO5I4=
-8,19,AbnrQ7vflsbX8e6TPaAVRfTt7uU=,zqdUya07JPxJ1SshGDq4f0SO5I4=
-1,18,AbnrQ7vflsbX8e6TPaAVRfTt7uU=,zqdUya07JPxJ1SshGDq4f0SO5I4=
-4,22,AbnrQ7vflsbX8e6TPaAVRfTt7uU=,zqdUya07JPxJ1SshGDq4f0SO5I4=
-3,18,AbnrQ7vflsbX8e6TPaAVRfTt7uU=,zqdUya07JPxJ1SshGDq4f0SO5I4=
-8,23,AbnrQ7vflsbX8e6TPaAVRfTt7uU=,zqdUya07JPxJ1SshGDq4f0SO5I4=
-6,18,AbnrQ7vflsbX8e6TPaAVRfTt7uU=,zqdUya07JPxJ1SshGDq4f0SO5I4=
-5,18,AbnrQ7vflsbX8e6TPaAVRfTt7uU=,zqdUya07JPxJ1SshGDq4f0SO5I4=
-2,18,AbnrQ7vflsbX8e6TPaAVRfTt7uU=,zqdUya07JPxJ1SshGDq4f0SO5I4=
-5,22,AbnrQ7vflsbX8e6TPaAVRfTt7uU=,zqdUya07JPxJ1SshGDq4f0SO5I4=
-7,18,AbnrQ7vflsbX8e6TPaAVRfTt7uU=,zqdUya07JPxJ1SshGDq4f0SO5I4=
-6,22,AbnrQ7vflsbX8e6TPaAVRfTt7uU=,zqdUya07JPxJ1SshGDq4f0SO5I4=
-2,22,AbnrQ7vflsbX8e6TPaAVRfTt7uU=,zqdUya07JPxJ1SshGDq4f0SO5I4=
-8,18,AbnrQ7vflsbX8e6TPaAVRfTt7uU=,zqdUya07JPxJ1SshGDq4f0SO5I4=
-1,22,AbnrQ7vflsbX8e6TPaAVRfTt7uU=,zqdUya07JPxJ1SshGDq4f0SO5I4=
-1,20,AbnrQ7vflsbX8e6TPaAVRfTt7uU=,zqdUya07JPxJ1SshGDq4f0SO5I4=
-7,22,AbnrQ7vflsbX8e6TPaAVRfTt7uU=,zqdUya07JPxJ1SshGDq4f0SO5I4=
-8,22,AbnrQ7vflsbX8e6TPaAVRfTt7uU=,zqdUya07JPxJ1SshGDq4f0SO5I4=
-1,17,AbnrQ7vflsbX8e6TPaAVRfTt7uU=,zqdUya07JPxJ1SshGDq4f0SO5I4=
-7,20,AbnrQ7vflsbX8e6TPaAVRfTt7uU=,zqdUya07JPxJ1SshGDq4f0SO5I4=
-2,21,AbnrQ7vflsbX8e6TPaAVRfTt7uU=,zqdUya07JPxJ1SshGDq4f0SO5I4=
-4,18,AbnrQ7vflsbX8e6TPaAVRfTt7uU=,zqdUya07JPxJ1SshGDq4f0SO5I4=
-8,20,AbnrQ7vflsbX8e6TPaAVRfTt7uU=,zqdUya07JPxJ1SshGDq4f0SO5I4=
-1,21,AbnrQ7vflsbX8e6TPaAVRfTt7uU=,zqdUya07JPxJ1SshGDq4f0SO5I4=
-7,21,AbnrQ7vflsbX8e6TPaAVRfTt7uU=,zqdUya07JPxJ1SshGDq4f0SO5I4=
-8,21,AbnrQ7vflsbX8e6TPaAVRfTt7uU=,zqdUya07JPxJ1SshGDq4f0SO5I4=
-1,19,AbnrQ7vflsbX8e6TPaAVRfTt7uU=,zqdUya07JPxJ1SshGDq4f0SO5I4=
-2,19,AbnrQ7vflsbX8e6TPaAVRfTt7uU=,zqdUya07JPxJ1SshGDq4f0SO5I4=
-6,21,AbnrQ7vflsbX8e6TPaAVRfTt7uU=,zqdUya07JPxJ1SshGDq4f0SO5I4=
-2,17,AbnrQ7vflsbX8e6TPaAVRfTt7uU=,zqdUya07JPxJ1SshGDq4f0SO5I4=
-8,16,AbnrQ7vflsbX8e6TPaAVRfTt7uU=,zqdUya07JPxJ1SshGDq4f0SO5I4=
-5,20,AbnrQ7vflsbX8e6TPaAVRfTt7uU=,zqdUya07JPxJ1SshGDq4f0SO5I4=
-4,20,AbnrQ7vflsbX8e6TPaAVRfTt7uU=,zqdUya07JPxJ1SshGDq4f0SO5I4=
-3,20,AbnrQ7vflsbX8e6TPaAVRfTt7uU=,zqdUya07JPxJ1SshGDq4f0SO5I4=
-6,20,AbnrQ7vflsbX8e6TPaAVRfTt7uU=,zqdUya07JPxJ1SshGDq4f0SO5I4=
-3,19,AbnrQ7vflsbX8e6TPaAVRfTt7uU=,zqdUya07JPxJ1SshGDq4f0SO5I4=
-2,20,AbnrQ7vflsbX8e6TPaAVRfTt7uU=,zqdUya07JPxJ1SshGDq4f0SO5I4=
-5,17,AbnrQ7vflsbX8e6TPaAVRfTt7uU=,zqdUya07JPxJ1SshGDq4f0SO5I4=
-4,16,AbnrQ7vflsbX8e6TPaAVRfTt7uU=,zqdUya07JPxJ1SshGDq4f0SO5I4=
-5,16,AbnrQ7vflsbX8e6TPaAVRfTt7uU=,zqdUya07JPxJ1SshGDq4f0SO5I4=
-3,17,AbnrQ7vflsbX8e6TPaAVRfTt7uU=,zqdUya07JPxJ1SshGDq4f0SO5I4=
-4,17,AbnrQ7vflsbX8e6TPaAVRfTt7uU=,zqdUya07JPxJ1SshGDq4f0SO5I4=
-3,16,AbnrQ7vflsbX8e6TPaAVRfTt7uU=,zqdUya07JPxJ1SshGDq4f0SO5I4=
-17,7,Z7U4GfBFtyuEnQgdp9joMipQNZc=,GgvZ3BeUAjJ11dYEDXf/fzgSIYE=
-18,7,Z7U4GfBFtyuEnQgdp9joMipQNZc=,GgvZ3BeUAjJ11dYEDXf/fzgSIYE=
-20,3,Z7U4GfBFtyuEnQgdp9joMipQNZc=,GgvZ3BeUAjJ11dYEDXf/fzgSIYE=
-20,7,Z7U4GfBFtyuEnQgdp9joMipQNZc=,GgvZ3BeUAjJ11dYEDXf/fzgSIYE=
-21,3,Z7U4GfBFtyuEnQgdp9joMipQNZc=,GgvZ3BeUAjJ11dYEDXf/fzgSIYE=
-19,7,Z7U4GfBFtyuEnQgdp9joMipQNZc=,GgvZ3BeUAjJ11dYEDXf/fzgSIYE=
-22,7,Z7U4GfBFtyuEnQgdp9joMipQNZc=,GgvZ3BeUAjJ11dYEDXf/fzgSIYE=
-21,7,Z7U4GfBFtyuEnQgdp9joMipQNZc=,GgvZ3BeUAjJ11dYEDXf/fzgSIYE=
-23,3,Z7U4GfBFtyuEnQgdp9joMipQNZc=,GgvZ3BeUAjJ11dYEDXf/fzgSIYE=
-22,3,Z7U4GfBFtyuEnQgdp9joMipQNZc=,GgvZ3BeUAjJ11dYEDXf/fzgSIYE=
-23,7,Z7U4GfBFtyuEnQgdp9joMipQNZc=,GgvZ3BeUAjJ11dYEDXf/fzgSIYE=
-21,2,Z7U4GfBFtyuEnQgdp9joMipQNZc=,GgvZ3BeUAjJ11dYEDXf/fzgSIYE=
-20,2,Z7U4GfBFtyuEnQgdp9joMipQNZc=,GgvZ3BeUAjJ11dYEDXf/fzgSIYE=
-19,2,Z7U4GfBFtyuEnQgdp9joMipQNZc=,GgvZ3BeUAjJ11dYEDXf/fzgSIYE=
-21,0,Z7U4GfBFtyuEnQgdp9joMipQNZc=,GgvZ3BeUAjJ11dYEDXf/fzgSIYE=
-24,7,Z7U4GfBFtyuEnQgdp9joMipQNZc=,GgvZ3BeUAjJ11dYEDXf/fzgSIYE=
-22,0,Z7U4GfBFtyuEnQgdp9joMipQNZc=,GgvZ3BeUAjJ11dYEDXf/fzgSIYE=
-17,6,Z7U4GfBFtyuEnQgdp9joMipQNZc=,GgvZ3BeUAjJ11dYEDXf/fzgSIYE=
-19,6,Z7U4GfBFtyuEnQgdp9joMipQNZc=,GgvZ3BeUAjJ11dYEDXf/fzgSIYE=
-18,6,Z7U4GfBFtyuEnQgdp9joMipQNZc=,GgvZ3BeUAjJ11dYEDXf/fzgSIYE=
-21,6,Z7U4GfBFtyuEnQgdp9joMipQNZc=,GgvZ3BeUAjJ11dYEDXf/fzgSIYE=
-23,6,Z7U4GfBFtyuEnQgdp9joMipQNZc=,GgvZ3BeUAjJ11dYEDXf/fzgSIYE=
-20,6,Z7U4GfBFtyuEnQgdp9joMipQNZc=,GgvZ3BeUAjJ11dYEDXf/fzgSIYE=
-22,6,Z7U4GfBFtyuEnQgdp9joMipQNZc=,GgvZ3BeUAjJ11dYEDXf/fzgSIYE=
-23,1,Z7U4GfBFtyuEnQgdp9joMipQNZc=,GgvZ3BeUAjJ11dYEDXf/fzgSIYE=
-23,0,Z7U4GfBFtyuEnQgdp9joMipQNZc=,GgvZ3BeUAjJ11dYEDXf/fzgSIYE=
-24,6,Z7U4GfBFtyuEnQgdp9joMipQNZc=,GgvZ3BeUAjJ11dYEDXf/fzgSIYE=
-24,1,Z7U4GfBFtyuEnQgdp9joMipQNZc=,GgvZ3BeUAjJ11dYEDXf/fzgSIYE=
-18,0,Z7U4GfBFtyuEnQgdp9joMipQNZc=,GgvZ3BeUAjJ11dYEDXf/fzgSIYE=
-17,5,Z7U4GfBFtyuEnQgdp9joMipQNZc=,GgvZ3BeUAjJ11dYEDXf/fzgSIYE=
-17,0,Z7U4GfBFtyuEnQgdp9joMipQNZc=,GgvZ3BeUAjJ11dYEDXf/fzgSIYE=
-19,5,Z7U4GfBFtyuEnQgdp9joMipQNZc=,GgvZ3BeUAjJ11dYEDXf/fzgSIYE=
-18,5,Z7U4GfBFtyuEnQgdp9joMipQNZc=,GgvZ3BeUAjJ11dYEDXf/fzgSIYE=
-20,5,Z7U4GfBFtyuEnQgdp9joMipQNZc=,GgvZ3BeUAjJ11dYEDXf/fzgSIYE=
-22,2,Z7U4GfBFtyuEnQgdp9joMipQNZc=,GgvZ3BeUAjJ11dYEDXf/fzgSIYE=
-19,0,Z7U4GfBFtyuEnQgdp9joMipQNZc=,GgvZ3BeUAjJ11dYEDXf/fzgSIYE=
-23,5,Z7U4GfBFtyuEnQgdp9joMipQNZc=,GgvZ3BeUAjJ11dYEDXf/fzgSIYE=
-17,4,Z7U4GfBFtyuEnQgdp9joMipQNZc=,GgvZ3BeUAjJ11dYEDXf/fzgSIYE=
-22,5,Z7U4GfBFtyuEnQgdp9joMipQNZc=,GgvZ3BeUAjJ11dYEDXf/fzgSIYE=
-24,5,Z7U4GfBFtyuEnQgdp9joMipQNZc=,GgvZ3BeUAjJ11dYEDXf/fzgSIYE=
-21,5,Z7U4GfBFtyuEnQgdp9joMipQNZc=,GgvZ3BeUAjJ11dYEDXf/fzgSIYE=
-24,0,Z7U4GfBFtyuEnQgdp9joMipQNZc=,GgvZ3BeUAjJ11dYEDXf/fzgSIYE=
-20,0,Z7U4GfBFtyuEnQgdp9joMipQNZc=,GgvZ3BeUAjJ11dYEDXf/fzgSIYE=
-19,1,Z7U4GfBFtyuEnQgdp9joMipQNZc=,GgvZ3BeUAjJ11dYEDXf/fzgSIYE=
-23,2,Z7U4GfBFtyuEnQgdp9joMipQNZc=,GgvZ3BeUAjJ11dYEDXf/fzgSIYE=
-19,4,Z7U4GfBFtyuEnQgdp9joMipQNZc=,GgvZ3BeUAjJ11dYEDXf/fzgSIYE=
-21,4,Z7U4GfBFtyuEnQgdp9joMipQNZc=,GgvZ3BeUAjJ11dYEDXf/fzgSIYE=
-20,4,Z7U4GfBFtyuEnQgdp9joMipQNZc=,GgvZ3BeUAjJ11dYEDXf/fzgSIYE=
-20,1,Z7U4GfBFtyuEnQgdp9joMipQNZc=,GgvZ3BeUAjJ11dYEDXf/fzgSIYE=
-23,4,Z7U4GfBFtyuEnQgdp9joMipQNZc=,GgvZ3BeUAjJ11dYEDXf/fzgSIYE=
-18,4,Z7U4GfBFtyuEnQgdp9joMipQNZc=,GgvZ3BeUAjJ11dYEDXf/fzgSIYE=
-22,4,Z7U4GfBFtyuEnQgdp9joMipQNZc=,GgvZ3BeUAjJ11dYEDXf/fzgSIYE=
-24,4,Z7U4GfBFtyuEnQgdp9joMipQNZc=,GgvZ3BeUAjJ11dYEDXf/fzgSIYE=
-19,3,Z7U4GfBFtyuEnQgdp9joMipQNZc=,GgvZ3BeUAjJ11dYEDXf/fzgSIYE=
-24,2,Z7U4GfBFtyuEnQgdp9joMipQNZc=,GgvZ3BeUAjJ11dYEDXf/fzgSIYE=
-21,1,Z7U4GfBFtyuEnQgdp9joMipQNZc=,GgvZ3BeUAjJ11dYEDXf/fzgSIYE=
-22,1,Z7U4GfBFtyuEnQgdp9joMipQNZc=,GgvZ3BeUAjJ11dYEDXf/fzgSIYE=
-24,3,Z7U4GfBFtyuEnQgdp9joMipQNZc=,GgvZ3BeUAjJ11dYEDXf/fzgSIYE=
-18,3,Z7U4GfBFtyuEnQgdp9joMipQNZc=,GgvZ3BeUAjJ11dYEDXf/fzgSIYE=
-17,3,Z7U4GfBFtyuEnQgdp9joMipQNZc=,GgvZ3BeUAjJ11dYEDXf/fzgSIYE=
-18,1,Z7U4GfBFtyuEnQgdp9joMipQNZc=,GgvZ3BeUAjJ11dYEDXf/fzgSIYE=
-17,1,Z7U4GfBFtyuEnQgdp9joMipQNZc=,GgvZ3BeUAjJ11dYEDXf/fzgSIYE=
-18,2,Z7U4GfBFtyuEnQgdp9joMipQNZc=,GgvZ3BeUAjJ11dYEDXf/fzgSIYE=
-17,2,Z7U4GfBFtyuEnQgdp9joMipQNZc=,GgvZ3BeUAjJ11dYEDXf/fzgSIYE=
