-5,-3,WrLe64/1ZG1IaYLddfO2pFy5XKM=,LU/xOYheD9PVe3jCDjZupJAiN18=
-4,-2,WrLe64/1ZG1IaYLddfO2pFy5XKM=,T4vr2a9kp9DwwsaGdRIfZKPLz8k=
-4,-3,WrLe64/1ZG1IaYLddfO2pFy5XKM=,PgL66naQXxOXWW92cgHesFdY58w=
-6,-3,WrLe64/1ZG1IaYLddfO2pFy5XKM=,LU/xOYheD9PVe3jCDjZupJAiN18=
-6,-4,WrLe64/1ZG1IaYLddfO2pFy5XKM=,LU/xOYheD9PVe3jCDjZupJAiN18=
-5,-4,WrLe64/1ZG1IaYLddfO2pFy5XKM=,LU/xOYheD9PVe3jCDjZupJAiN18=
-4,-1,WrLe64/1ZG1IaYLddfO2pFy5XKM=,T4vr2a9kp9DwwsaGdRIfZKPLz8k=
-4,-4,WrLe64/1ZG1IaYLddfO2pFy5XKM=,PgL66naQXxOXWW92cgHesFdY58w=
-3,-4,j6CE4il7S9mX1lfVv4VeMuV8tGA=,PgL66naQXxOXWW92cgHesFdY58w=
-2,-4,j6CE4il7S9mX1lfVv4VeMuV8tGA=,F9v/WjIpOHRZ7h8VnoqNTEyM50A=
-1,-4,j6CE4il7S9mX1lfVv4VeMuV8tGA=,F9v/WjIpOHRZ7h8VnoqNTEyM50A=
-2,-3,j6CE4il7S9mX1lfVv4VeMuV8tGA=,F9v/WjIpOHRZ7h8VnoqNTEyM50A=
-2,-1,j6CE4il7S9mX1lfVv4VeMuV8tGA=,lVSatKKoO5bxZjn7XBc1hA+dk9A=
-3,-1,j6CE4il7S9mX1lfVv4VeMuV8tGA=,T4vr2a9kp9DwwsaGdRIfZKPLz8k=
-3,-3,j6CE4il7S9mX1lfVv4VeMuV8tGA=,PgL66naQXxOXWW92cgHesFdY58w=
-1,-3,j6CE4il7S9mX1lfVv4VeMuV8tGA=,F9v/WjIpOHRZ7h8VnoqNTEyM50A=
-1,-2,j6CE4il7S9mX1lfVv4VeMuV8tGA=,lVSatKKoO5bxZjn7XBc1hA+dk9A=
-3,-2,j6CE4il7S9mX1lfVv4VeMuV8tGA=,T4vr2a9kp9DwwsaGdRIfZKPLz8k=
-2,-2,j6CE4il7S9mX1lfVv4VeMuV8tGA=,lVSatKKoO5bxZjn7XBc1hA+dk9A=
-1,-1,j6CE4il7S9mX1lfVv4VeMuV8tGA=,lVSatKKoO5bxZjn7XBc1hA+dk9A=
-2,-6,WrLe64/1ZG1IaYLddfO2pFy5XKM=,xkg4ILXmkJuLCjjV+IDZ0hpEJGw=
-1,-6,WrLe64/1ZG1IaYLddfO2pFy5XKM=,xkg4ILXmkJuLCjjV+IDZ0hpEJGw=
-2,-5,WrLe64/1ZG1IaYLddfO2pFy5XKM=,xkg4ILXmkJuLCjjV+IDZ0hpEJGw=
-1,-5,j6CE4il7S9mX1lfVv4VeMuV8tGA=,xkg4ILXmkJuLCjjV+IDZ0hpEJGw=
