3,-4,Ttoet/0VTM2IUObgzX33HHT4oUE=,s7K33zi+rNeUD17G6KxZRV0MTDI=
2,-4,Ttoet/0VTM2IUObgzX33HHT4oUE=,s7K33zi+rNeUD17G6KxZRV0MTDI=
1,-4,Ttoet/0VTM2IUObgzX33HHT4oUE=,efpTgGi/79qCoqscNMC0h83wh1o=
0,-4,Ttoet/0VTM2IUObgzX33HHT4oUE=,efpTgGi/79qCoqscNMC0h83wh1o=
3,-3,Ttoet/0VTM2IUObgzX33HHT4oUE=,s7K33zi+rNeUD17G6KxZRV0MTDI=
3,-1,Ttoet/0VTM2IUObgzX33HHT4oUE=,w8Vhh8VloZ43SDGGsnpM6YHvpv4=
3,-2,Ttoet/0VTM2IUObgzX33HHT4oUE=,w8Vhh8VloZ43SDGGsnpM6YHvpv4=
2,-3,Ttoet/0VTM2IUObgzX33HHT4oUE=,s7K33zi+rNeUD17G6KxZRV0MTDI=
0,-3,Ttoet/0VTM2IUObgzX33HHT4oUE=,efpTgGi/79qCoqscNMC0h83wh1o=
2,-1,Ttoet/0VTM2IUObgzX33HHT4oUE=,w8Vhh8VloZ43SDGGsnpM6YHvpv4=
1,-3,Ttoet/0VTM2IUObgzX33HHT4oUE=,efpTgGi/79qCoqscNMC0h83wh1o=
1,-2,Ttoet/0VTM2IUObgzX33HHT4oUE=,Vhv2WK+K5mePS39/V9XCBjrJpoI=
0,-1,Ttoet/0VTM2IUObgzX33HHT4oUE=,Vhv2WK+K5mePS39/V9XCBjrJpoI=
0,-2,Ttoet/0VTM2IUObgzX33HHT4oUE=,Vhv2WK+K5mePS39/V9XCBjrJpoI=
1,-1,Ttoet/0VTM2IUObgzX33HHT4oUE=,Vhv2WK+K5mePS39/V9XCBjrJpoI=
2,-2,Ttoet/0VTM2IUObgzX33HHT4oUE=,w8Vhh8VloZ43SDGGsnpM6YHvpv4=
