3,2,O2P23E5lG5xs+3GfWONsgmPEjlI=,c4BZ0fYCfrjNWD5QWy++uRmcAnc=
3,0,O2P23E5lG5xs+3GfWONsgmPEjlI=,mgjuiPFX+I133QXD4IxMf1Ylgp8=
3,1,O2P23E5lG5xs+3GfWONsgmPEjlI=,mgjuiPFX+I133QXD4IxMf1Ylgp8=
3,3,O2P23E5lG5xs+3GfWONsgmPEjlI=,c4BZ0fYCfrjNWD5QWy++uRmcAnc=
0,3,O2P23E5lG5xs+3GfWONsgmPEjlI=,7l3iTuCnwB2Pc/0sGoLWkNhvjIU=
1,3,O2P23E5lG5xs+3GfWONsgmPEjlI=,7l3iTuCnwB2Pc/0sGoLWkNhvjIU=
2,3,O2P23E5lG5xs+3GfWONsgmPEjlI=,c4BZ0fYCfrjNWD5QWy++uRmcAnc=
2,2,O2P23E5lG5xs+3GfWONsgmPEjlI=,c4BZ0fYCfrjNWD5QWy++uRmcAnc=
2,1,O2P23E5lG5xs+3GfWONsgmPEjlI=,mgjuiPFX+I133QXD4IxMf1Ylgp8=
2,0,O2P23E5lG5xs+3GfWONsgmPEjlI=,mgjuiPFX+I133QXD4IxMf1Ylgp8=
0,2,O2P23E5lG5xs+3GfWONsgmPEjlI=,7l3iTuCnwB2Pc/0sGoLWkNhvjIU=
1,2,O2P23E5lG5xs+3GfWONsgmPEjlI=,7l3iTuCnwB2Pc/0sGoLWkNhvjIU=
0,0,O2P23E5lG5xs+3GfWONsgmPEjlI=,gC6/jyklbcpQn2zIPelFV4gW+cU=
0,1,O2P23E5lG5xs+3GfWONsgmPEjlI=,gC6/jyklbcpQn2zIPelFV4gW+cU=
1,0,O2P23E5lG5xs+3GfWONsgmPEjlI=,gC6/jyklbcpQn2zIPelFV4gW+cU=
1,1,O2P23E5lG5xs+3GfWONsgmPEjlI=,gC6/jyklbcpQn2zIPelFV4gW+cU=
