-7,-72,eXKq2X+WdI4u7DEQ1GPx7Uw53XQ=,itiSbRRAUyOPV3qb7Ab+isLzxZk=
-6,-72,eXKq2X+WdI4u7DEQ1GPx7Uw53XQ=,hZYwDgYWvPw42auw6M8a2oyRFeY=
-6,-75,eXKq2X+WdI4u7DEQ1GPx7Uw53XQ=,70LnWBhNh+HbQy/I03JCrfmT3yI=
-6,-73,eXKq2X+WdI4u7DEQ1GPx7Uw53XQ=,JHVx4GZXQGyhP7x6RUrxLsLKQxY=
-7,-75,eXKq2X+WdI4u7DEQ1GPx7Uw53XQ=,An4K76yqVJ6+ZgRIZnl/jKYcqH8=
-7,-73,eXKq2X+WdI4u7DEQ1GPx7Uw53XQ=,cwdzu+yiwgmwC1vcBwjND4vQzo8=
-6,-74,eXKq2X+WdI4u7DEQ1GPx7Uw53XQ=,JHVx4GZXQGyhP7x6RUrxLsLKQxY=
-7,-74,eXKq2X+WdI4u7DEQ1GPx7Uw53XQ=,cwdzu+yiwgmwC1vcBwjND4vQzo8=
-6,-76,eXKq2X+WdI4u7DEQ1GPx7Uw53XQ=,70LnWBhNh+HbQy/I03JCrfmT3yI=
-7,-76,eXKq2X+WdI4u7DEQ1GPx7Uw53XQ=,An4K76yqVJ6+ZgRIZnl/jKYcqH8=
-4,-78,eXKq2X+WdI4u7DEQ1GPx7Uw53XQ=,m/ld/+uPwd1SQcsjcB5DMZU8c8c=
-4,-79,eXKq2X+WdI4u7DEQ1GPx7Uw53XQ=,Du/QIBGCKS+TADvxeZmGyLYpKPY=
-6,-79,eXKq2X+WdI4u7DEQ1GPx7Uw53XQ=,yX7P2PMfryz2MxYLLQnhEBrlUNE=
-7,-77,eXKq2X+WdI4u7DEQ1GPx7Uw53XQ=,hrCCNb3BXRj1dKIWp07TgF31q8E=
-5,-79,eXKq2X+WdI4u7DEQ1GPx7Uw53XQ=,yX7P2PMfryz2MxYLLQnhEBrlUNE=
-7,-79,eXKq2X+WdI4u7DEQ1GPx7Uw53XQ=,OZv+V3Vwsjh2ygwO8A4w3WhjNl8=
-7,-78,eXKq2X+WdI4u7DEQ1GPx7Uw53XQ=,hrCCNb3BXRj1dKIWp07TgF31q8E=
-6,-77,eXKq2X+WdI4u7DEQ1GPx7Uw53XQ=,QCRHARDQ6bIBpIoGaDyFrUm+6eI=
-8,-72,eXKq2X+WdI4u7DEQ1GPx7Uw53XQ=,itiSbRRAUyOPV3qb7Ab+isLzxZk=
-9,-73,eXKq2X+WdI4u7DEQ1GPx7Uw53XQ=,h1V8GskTCEWDk+o/Aexb+5MMCpQ=
-5,-78,eXKq2X+WdI4u7DEQ1GPx7Uw53XQ=,QCRHARDQ6bIBpIoGaDyFrUm+6eI=
-6,-78,eXKq2X+WdI4u7DEQ1GPx7Uw53XQ=,QCRHARDQ6bIBpIoGaDyFrUm+6eI=
-9,-72,eXKq2X+WdI4u7DEQ1GPx7Uw53XQ=,N8WIw3jvCXM6YrT+ctMn27T0fRk=
-8,-73,eXKq2X+WdI4u7DEQ1GPx7Uw53XQ=,cwdzu+yiwgmwC1vcBwjND4vQzo8=
-7,-71,eXKq2X+WdI4u7DEQ1GPx7Uw53XQ=,itiSbRRAUyOPV3qb7Ab+isLzxZk=
-6,-71,eXKq2X+WdI4u7DEQ1GPx7Uw53XQ=,hZYwDgYWvPw42auw6M8a2oyRFeY=
-7,-70,eXKq2X+WdI4u7DEQ1GPx7Uw53XQ=,y2ZG6isHZAehGbHkI69Uh/38ULQ=
-4,-77,eXKq2X+WdI4u7DEQ1GPx7Uw53XQ=,m/ld/+uPwd1SQcsjcB5DMZU8c8c=
-4,-76,eXKq2X+WdI4u7DEQ1GPx7Uw53XQ=,aGhjvUZdZGxQLMCH9rbsAAoDIv4=
-5,-71,eXKq2X+WdI4u7DEQ1GPx7Uw53XQ=,hZYwDgYWvPw42auw6M8a2oyRFeY=
-5,-76,eXKq2X+WdI4u7DEQ1GPx7Uw53XQ=,70LnWBhNh+HbQy/I03JCrfmT3yI=
-5,-77,eXKq2X+WdI4u7DEQ1GPx7Uw53XQ=,QCRHARDQ6bIBpIoGaDyFrUm+6eI=
-9,-67,eXKq2X+WdI4u7DEQ1GPx7Uw53XQ=,JDgOmvBzLB9eCUlYaXage5919cQ=
-11,-66,eXKq2X+WdI4u7DEQ1GPx7Uw53XQ=,Mipkuyk1cP4HsveWMfSfOkxfni4=
-9,-65,eXKq2X+WdI4u7DEQ1GPx7Uw53XQ=,DZkS22uy89iiaQ0vNfDLQU/woTk=
-11,-67,eXKq2X+WdI4u7DEQ1GPx7Uw53XQ=,MdGwtfbkBMLKYj9rojSsPmNesrE=
-11,-65,eXKq2X+WdI4u7DEQ1GPx7Uw53XQ=,Mipkuyk1cP4HsveWMfSfOkxfni4=
-9,-66,eXKq2X+WdI4u7DEQ1GPx7Uw53XQ=,DZkS22uy89iiaQ0vNfDLQU/woTk=
-10,-67,eXKq2X+WdI4u7DEQ1GPx7Uw53XQ=,JDgOmvBzLB9eCUlYaXage5919cQ=
-10,-66,eXKq2X+WdI4u7DEQ1GPx7Uw53XQ=,DZkS22uy89iiaQ0vNfDLQU/woTk=
-10,-65,eXKq2X+WdI4u7DEQ1GPx7Uw53XQ=,DZkS22uy89iiaQ0vNfDLQU/woTk=
-7,-80,eXKq2X+WdI4u7DEQ1GPx7Uw53XQ=,OZv+V3Vwsjh2ygwO8A4w3WhjNl8=
-6,-80,eXKq2X+WdI4u7DEQ1GPx7Uw53XQ=,yX7P2PMfryz2MxYLLQnhEBrlUNE=
-4,-80,eXKq2X+WdI4u7DEQ1GPx7Uw53XQ=,Du/QIBGCKS+TADvxeZmGyLYpKPY=
-3,-74,eXKq2X+WdI4u7DEQ1GPx7Uw53XQ=,FBbEt7a09qm+JmUsi1khFNKJuqg=
-5,-72,eXKq2X+WdI4u7DEQ1GPx7Uw53XQ=,hZYwDgYWvPw42auw6M8a2oyRFeY=
-4,-75,eXKq2X+WdI4u7DEQ1GPx7Uw53XQ=,aGhjvUZdZGxQLMCH9rbsAAoDIv4=
-3,-73,eXKq2X+WdI4u7DEQ1GPx7Uw53XQ=,FBbEt7a09qm+JmUsi1khFNKJuqg=
-3,-75,eXKq2X+WdI4u7DEQ1GPx7Uw53XQ=,aGhjvUZdZGxQLMCH9rbsAAoDIv4=
-10,-68,eXKq2X+WdI4u7DEQ1GPx7Uw53XQ=,JDgOmvBzLB9eCUlYaXage5919cQ=
-5,-80,eXKq2X+WdI4u7DEQ1GPx7Uw53XQ=,yX7P2PMfryz2MxYLLQnhEBrlUNE=
-9,-68,eXKq2X+WdI4u7DEQ1GPx7Uw53XQ=,JDgOmvBzLB9eCUlYaXage5919cQ=
-4,-73,eXKq2X+WdI4u7DEQ1GPx7Uw53XQ=,FBbEt7a09qm+JmUsi1khFNKJuqg=
-4,-74,eXKq2X+WdI4u7DEQ1GPx7Uw53XQ=,FBbEt7a09qm+JmUsi1khFNKJuqg=
-11,-70,eXKq2X+WdI4u7DEQ1GPx7Uw53XQ=,BT360PAg+soQJXwyZLvWoxJkyYw=
-5,-75,eXKq2X+WdI4u7DEQ1GPx7Uw53XQ=,70LnWBhNh+HbQy/I03JCrfmT3yI=
-11,-69,eXKq2X+WdI4u7DEQ1GPx7Uw53XQ=,BT360PAg+soQJXwyZLvWoxJkyYw=
-11,-68,eXKq2X+WdI4u7DEQ1GPx7Uw53XQ=,MdGwtfbkBMLKYj9rojSsPmNesrE=
-9,-71,eXKq2X+WdI4u7DEQ1GPx7Uw53XQ=,N8WIw3jvCXM6YrT+ctMn27T0fRk=
-8,-69,eXKq2X+WdI4u7DEQ1GPx7Uw53XQ=,y2ZG6isHZAehGbHkI69Uh/38ULQ=
-10,-71,eXKq2X+WdI4u7DEQ1GPx7Uw53XQ=,N8WIw3jvCXM6YrT+ctMn27T0fRk=
-9,-70,eXKq2X+WdI4u7DEQ1GPx7Uw53XQ=,RNSe3jhOLGW5twIuPW6bwmycSwU=
-8,-71,eXKq2X+WdI4u7DEQ1GPx7Uw53XQ=,itiSbRRAUyOPV3qb7Ab+isLzxZk=
-9,-69,eXKq2X+WdI4u7DEQ1GPx7Uw53XQ=,RNSe3jhOLGW5twIuPW6bwmycSwU=
-5,-73,eXKq2X+WdI4u7DEQ1GPx7Uw53XQ=,JHVx4GZXQGyhP7x6RUrxLsLKQxY=
-10,-69,eXKq2X+WdI4u7DEQ1GPx7Uw53XQ=,RNSe3jhOLGW5twIuPW6bwmycSwU=
-5,-74,eXKq2X+WdI4u7DEQ1GPx7Uw53XQ=,JHVx4GZXQGyhP7x6RUrxLsLKQxY=
-10,-70,eXKq2X+WdI4u7DEQ1GPx7Uw53XQ=,RNSe3jhOLGW5twIuPW6bwmycSwU=
-8,-70,eXKq2X+WdI4u7DEQ1GPx7Uw53XQ=,y2ZG6isHZAehGbHkI69Uh/38ULQ=
-8,-80,eXKq2X+WdI4u7DEQ1GPx7Uw53XQ=,OZv+V3Vwsjh2ygwO8A4w3WhjNl8=
-9,-80,eXKq2X+WdI4u7DEQ1GPx7Uw53XQ=,CYxl7h3fHslSa1s+LUh6AnIKUe4=
-8,-75,eXKq2X+WdI4u7DEQ1GPx7Uw53XQ=,An4K76yqVJ6+ZgRIZnl/jKYcqH8=
-11,-80,eXKq2X+WdI4u7DEQ1GPx7Uw53XQ=,qc3akfOmhY/7Xji7N/AT9VnZmFI=
-10,-80,eXKq2X+WdI4u7DEQ1GPx7Uw53XQ=,CYxl7h3fHslSa1s+LUh6AnIKUe4=
-3,-80,eXKq2X+WdI4u7DEQ1GPx7Uw53XQ=,Du/QIBGCKS+TADvxeZmGyLYpKPY=
-3,-78,eXKq2X+WdI4u7DEQ1GPx7Uw53XQ=,m/ld/+uPwd1SQcsjcB5DMZU8c8c=
-3,-77,eXKq2X+WdI4u7DEQ1GPx7Uw53XQ=,m/ld/+uPwd1SQcsjcB5DMZU8c8c=
-3,-79,eXKq2X+WdI4u7DEQ1GPx7Uw53XQ=,Du/QIBGCKS+TADvxeZmGyLYpKPY=
-3,-76,eXKq2X+WdI4u7DEQ1GPx7Uw53XQ=,aGhjvUZdZGxQLMCH9rbsAAoDIv4=
-9,-74,eXKq2X+WdI4u7DEQ1GPx7Uw53XQ=,h1V8GskTCEWDk+o/Aexb+5MMCpQ=
-10,-74,eXKq2X+WdI4u7DEQ1GPx7Uw53XQ=,h1V8GskTCEWDk+o/Aexb+5MMCpQ=
-12,-69,eXKq2X+WdI4u7DEQ1GPx7Uw53XQ=,BT360PAg+soQJXwyZLvWoxJkyYw=
-9,-75,eXKq2X+WdI4u7DEQ1GPx7Uw53XQ=,HDzoNf0hrlrwn1SCE/K5XW4PA4A=
-10,-73,eXKq2X+WdI4u7DEQ1GPx7Uw53XQ=,h1V8GskTCEWDk+o/Aexb+5MMCpQ=
-12,-70,eXKq2X+WdI4u7DEQ1GPx7Uw53XQ=,BT360PAg+soQJXwyZLvWoxJkyYw=
-12,-66,eXKq2X+WdI4u7DEQ1GPx7Uw53XQ=,Mipkuyk1cP4HsveWMfSfOkxfni4=
-7,-69,eXKq2X+WdI4u7DEQ1GPx7Uw53XQ=,y2ZG6isHZAehGbHkI69Uh/38ULQ=
-12,-65,eXKq2X+WdI4u7DEQ1GPx7Uw53XQ=,Mipkuyk1cP4HsveWMfSfOkxfni4=
-12,-77,eXKq2X+WdI4u7DEQ1GPx7Uw53XQ=,loCDIdw0bi3eaBr5Qz2g2wjpaqE=
-10,-75,eXKq2X+WdI4u7DEQ1GPx7Uw53XQ=,HDzoNf0hrlrwn1SCE/K5XW4PA4A=
-12,-68,eXKq2X+WdI4u7DEQ1GPx7Uw53XQ=,MdGwtfbkBMLKYj9rojSsPmNesrE=
-10,-72,eXKq2X+WdI4u7DEQ1GPx7Uw53XQ=,N8WIw3jvCXM6YrT+ctMn27T0fRk=
-10,-76,eXKq2X+WdI4u7DEQ1GPx7Uw53XQ=,HDzoNf0hrlrwn1SCE/K5XW4PA4A=
-12,-67,eXKq2X+WdI4u7DEQ1GPx7Uw53XQ=,MdGwtfbkBMLKYj9rojSsPmNesrE=
-10,-77,eXKq2X+WdI4u7DEQ1GPx7Uw53XQ=,A2vXlbsfX+S1y3A35DmStbtp21w=
-11,-79,eXKq2X+WdI4u7DEQ1GPx7Uw53XQ=,qc3akfOmhY/7Xji7N/AT9VnZmFI=
-9,-77,eXKq2X+WdI4u7DEQ1GPx7Uw53XQ=,A2vXlbsfX+S1y3A35DmStbtp21w=
-8,-74,eXKq2X+WdI4u7DEQ1GPx7Uw53XQ=,cwdzu+yiwgmwC1vcBwjND4vQzo8=
-11,-77,eXKq2X+WdI4u7DEQ1GPx7Uw53XQ=,loCDIdw0bi3eaBr5Qz2g2wjpaqE=
-9,-79,eXKq2X+WdI4u7DEQ1GPx7Uw53XQ=,CYxl7h3fHslSa1s+LUh6AnIKUe4=
-8,-78,eXKq2X+WdI4u7DEQ1GPx7Uw53XQ=,hrCCNb3BXRj1dKIWp07TgF31q8E=
-10,-79,eXKq2X+WdI4u7DEQ1GPx7Uw53XQ=,CYxl7h3fHslSa1s+LUh6AnIKUe4=
-10,-78,eXKq2X+WdI4u7DEQ1GPx7Uw53XQ=,A2vXlbsfX+S1y3A35DmStbtp21w=
-8,-79,eXKq2X+WdI4u7DEQ1GPx7Uw53XQ=,OZv+V3Vwsjh2ygwO8A4w3WhjNl8=
-8,-77,eXKq2X+WdI4u7DEQ1GPx7Uw53XQ=,hrCCNb3BXRj1dKIWp07TgF31q8E=
-9,-76,eXKq2X+WdI4u7DEQ1GPx7Uw53XQ=,HDzoNf0hrlrwn1SCE/K5XW4PA4A=
-8,-76,eXKq2X+WdI4u7DEQ1GPx7Uw53XQ=,An4K76yqVJ6+ZgRIZnl/jKYcqH8=
-9,-78,eXKq2X+WdI4u7DEQ1GPx7Uw53XQ=,A2vXlbsfX+S1y3A35DmStbtp21w=
-14,-80,eXKq2X+WdI4u7DEQ1GPx7Uw53XQ=,EwCAxLIv/WYgjcuA3cBpeSgmnvo=
-13,-80,eXKq2X+WdI4u7DEQ1GPx7Uw53XQ=,EwCAxLIv/WYgjcuA3cBpeSgmnvo=
-14,-79,eXKq2X+WdI4u7DEQ1GPx7Uw53XQ=,EwCAxLIv/WYgjcuA3cBpeSgmnvo=
-11,-78,eXKq2X+WdI4u7DEQ1GPx7Uw53XQ=,loCDIdw0bi3eaBr5Qz2g2wjpaqE=
-13,-79,eXKq2X+WdI4u7DEQ1GPx7Uw53XQ=,EwCAxLIv/WYgjcuA3cBpeSgmnvo=
-12,-79,eXKq2X+WdI4u7DEQ1GPx7Uw53XQ=,qc3akfOmhY/7Xji7N/AT9VnZmFI=
-12,-80,eXKq2X+WdI4u7DEQ1GPx7Uw53XQ=,qc3akfOmhY/7Xji7N/AT9VnZmFI=
-12,-78,eXKq2X+WdI4u7DEQ1GPx7Uw53XQ=,loCDIdw0bi3eaBr5Qz2g2wjpaqE=
-9,-93,DKfalzsl6oR+4n0VDzDdSMAx220=,bxsXqmwq2xYYtynlAdZuBPRO2gY=
-9,-90,DKfalzsl6oR+4n0VDzDdSMAx220=,91+7OXwAdxG8R4sywJvb4H4qqZc=
-8,-91,DKfalzsl6oR+4n0VDzDdSMAx220=,QbWUq4q5Whuv5/qcKenxDABZQ7w=
-9,-92,DKfalzsl6oR+4n0VDzDdSMAx220=,7nc/75BglIICwcxUXGhhCOZh1Bw=
-8,-92,DKfalzsl6oR+4n0VDzDdSMAx220=,QbWUq4q5Whuv5/qcKenxDABZQ7w=
-8,-93,DKfalzsl6oR+4n0VDzDdSMAx220=,kV5ktGQgQnhaSGR6nyY0fNf79nc=
-9,-91,DKfalzsl6oR+4n0VDzDdSMAx220=,7nc/75BglIICwcxUXGhhCOZh1Bw=
-9,-94,DKfalzsl6oR+4n0VDzDdSMAx220=,bxsXqmwq2xYYtynlAdZuBPRO2gY=
-8,-95,DKfalzsl6oR+4n0VDzDdSMAx220=,LySpJZkQpQESkV6l7ocJUVslgyg=
-7,-93,DKfalzsl6oR+4n0VDzDdSMAx220=,kV5ktGQgQnhaSGR6nyY0fNf79nc=
-7,-92,DKfalzsl6oR+4n0VDzDdSMAx220=,QbWUq4q5Whuv5/qcKenxDABZQ7w=
-9,-95,DKfalzsl6oR+4n0VDzDdSMAx220=,7y7G7lTeIzIQPZERNSnacgp07t8=
-8,-94,DKfalzsl6oR+4n0VDzDdSMAx220=,kV5ktGQgQnhaSGR6nyY0fNf79nc=
-7,-95,DKfalzsl6oR+4n0VDzDdSMAx220=,LySpJZkQpQESkV6l7ocJUVslgyg=
-7,-91,DKfalzsl6oR+4n0VDzDdSMAx220=,QbWUq4q5Whuv5/qcKenxDABZQ7w=
-7,-94,DKfalzsl6oR+4n0VDzDdSMAx220=,kV5ktGQgQnhaSGR6nyY0fNf79nc=
-9,-87,eXKq2X+WdI4u7DEQ1GPx7Uw53XQ=,txYFyl3i3Ltu2zHD1fRH40kKr8g=
-9,-86,eXKq2X+WdI4u7DEQ1GPx7Uw53XQ=,AqAZuBjRFyZsoAgxQ+m99r9suL4=
-9,-89,eXKq2X+WdI4u7DEQ1GPx7Uw53XQ=,91+7OXwAdxG8R4sywJvb4H4qqZc=
-8,-86,eXKq2X+WdI4u7DEQ1GPx7Uw53XQ=,b+hfja/KaM0L7ha+SvQSI9Wnz+4=
-8,-88,eXKq2X+WdI4u7DEQ1GPx7Uw53XQ=,kBvpQticvJwyScy5N4vt8XtNLSg=
-9,-88,eXKq2X+WdI4u7DEQ1GPx7Uw53XQ=,txYFyl3i3Ltu2zHD1fRH40kKr8g=
-8,-87,eXKq2X+WdI4u7DEQ1GPx7Uw53XQ=,kBvpQticvJwyScy5N4vt8XtNLSg=
-8,-85,DKfalzsl6oR+4n0VDzDdSMAx220=,b+hfja/KaM0L7ha+SvQSI9Wnz+4=
-8,-82,eXKq2X+WdI4u7DEQ1GPx7Uw53XQ=,qyDRTGfiHj0OD3VnFMEzJO2Qtn4=
-9,-82,eXKq2X+WdI4u7DEQ1GPx7Uw53XQ=,nPf53sEAMPEyQktq1QpDBcGy7Ug=
-9,-85,DKfalzsl6oR+4n0VDzDdSMAx220=,AqAZuBjRFyZsoAgxQ+m99r9suL4=
-9,-83,DKfalzsl6oR+4n0VDzDdSMAx220=,88sT0RoNJaEQuUqoxcJbi708AC4=
-10,-85,DKfalzsl6oR+4n0VDzDdSMAx220=,AqAZuBjRFyZsoAgxQ+m99r9suL4=
-11,-84,DKfalzsl6oR+4n0VDzDdSMAx220=,kmaTFVdBt/CblhTT6HubjAh5i8k=
-9,-84,DKfalzsl6oR+4n0VDzDdSMAx220=,88sT0RoNJaEQuUqoxcJbi708AC4=
-8,-84,DKfalzsl6oR+4n0VDzDdSMAx220=,1zaAxzdQU2aHWaz7dL2WS/i0pPI=
-8,-83,DKfalzsl6oR+4n0VDzDdSMAx220=,1zaAxzdQU2aHWaz7dL2WS/i0pPI=
-10,-84,DKfalzsl6oR+4n0VDzDdSMAx220=,88sT0RoNJaEQuUqoxcJbi708AC4=
-8,-81,eXKq2X+WdI4u7DEQ1GPx7Uw53XQ=,qyDRTGfiHj0OD3VnFMEzJO2Qtn4=
-9,-81,eXKq2X+WdI4u7DEQ1GPx7Uw53XQ=,nPf53sEAMPEyQktq1QpDBcGy7Ug=
-10,-93,DKfalzsl6oR+4n0VDzDdSMAx220=,bxsXqmwq2xYYtynlAdZuBPRO2gY=
-10,-92,DKfalzsl6oR+4n0VDzDdSMAx220=,7nc/75BglIICwcxUXGhhCOZh1Bw=
-10,-81,eXKq2X+WdI4u7DEQ1GPx7Uw53XQ=,nPf53sEAMPEyQktq1QpDBcGy7Ug=
-12,-82,eXKq2X+WdI4u7DEQ1GPx7Uw53XQ=,akuulTqsFRkrghRq1/46dOT6ktY=
-12,-83,eXKq2X+WdI4u7DEQ1GPx7Uw53XQ=,kmaTFVdBt/CblhTT6HubjAh5i8k=
-11,-81,eXKq2X+WdI4u7DEQ1GPx7Uw53XQ=,akuulTqsFRkrghRq1/46dOT6ktY=
-11,-83,eXKq2X+WdI4u7DEQ1GPx7Uw53XQ=,kmaTFVdBt/CblhTT6HubjAh5i8k=
-10,-95,DKfalzsl6oR+4n0VDzDdSMAx220=,7y7G7lTeIzIQPZERNSnacgp07t8=
-10,-96,DKfalzsl6oR+4n0VDzDdSMAx220=,7y7G7lTeIzIQPZERNSnacgp07t8=
-12,-81,DKfalzsl6oR+4n0VDzDdSMAx220=,akuulTqsFRkrghRq1/46dOT6ktY=
-10,-89,DKfalzsl6oR+4n0VDzDdSMAx220=,91+7OXwAdxG8R4sywJvb4H4qqZc=
-7,-96,DKfalzsl6oR+4n0VDzDdSMAx220=,LySpJZkQpQESkV6l7ocJUVslgyg=
-10,-87,DKfalzsl6oR+4n0VDzDdSMAx220=,txYFyl3i3Ltu2zHD1fRH40kKr8g=
-10,-88,DKfalzsl6oR+4n0VDzDdSMAx220=,txYFyl3i3Ltu2zHD1fRH40kKr8g=
-10,-86,DKfalzsl6oR+4n0VDzDdSMAx220=,AqAZuBjRFyZsoAgxQ+m99r9suL4=
-7,-88,DKfalzsl6oR+4n0VDzDdSMAx220=,kBvpQticvJwyScy5N4vt8XtNLSg=
-12,-84,DKfalzsl6oR+4n0VDzDdSMAx220=,kmaTFVdBt/CblhTT6HubjAh5i8k=
-10,-90,DKfalzsl6oR+4n0VDzDdSMAx220=,91+7OXwAdxG8R4sywJvb4H4qqZc=
-11,-82,DKfalzsl6oR+4n0VDzDdSMAx220=,akuulTqsFRkrghRq1/46dOT6ktY=
-10,-83,DKfalzsl6oR+4n0VDzDdSMAx220=,88sT0RoNJaEQuUqoxcJbi708AC4=
-10,-94,DKfalzsl6oR+4n0VDzDdSMAx220=,bxsXqmwq2xYYtynlAdZuBPRO2gY=
-10,-91,DKfalzsl6oR+4n0VDzDdSMAx220=,7nc/75BglIICwcxUXGhhCOZh1Bw=
-9,-96,DKfalzsl6oR+4n0VDzDdSMAx220=,7y7G7lTeIzIQPZERNSnacgp07t8=
-7,-84,DKfalzsl6oR+4n0VDzDdSMAx220=,1zaAxzdQU2aHWaz7dL2WS/i0pPI=
-8,-96,DKfalzsl6oR+4n0VDzDdSMAx220=,LySpJZkQpQESkV6l7ocJUVslgyg=
-10,-82,DKfalzsl6oR+4n0VDzDdSMAx220=,nPf53sEAMPEyQktq1QpDBcGy7Ug=
-3,-81,DKfalzsl6oR+4n0VDzDdSMAx220=,ZE4cwDNe9DMaqy9YGfUb2S9Wkps=
-3,-82,DKfalzsl6oR+4n0VDzDdSMAx220=,ZE4cwDNe9DMaqy9YGfUb2S9Wkps=
-7,-85,DKfalzsl6oR+4n0VDzDdSMAx220=,b+hfja/KaM0L7ha+SvQSI9Wnz+4=
-7,-87,DKfalzsl6oR+4n0VDzDdSMAx220=,kBvpQticvJwyScy5N4vt8XtNLSg=
-7,-86,DKfalzsl6oR+4n0VDzDdSMAx220=,b+hfja/KaM0L7ha+SvQSI9Wnz+4=
-4,-82,DKfalzsl6oR+4n0VDzDdSMAx220=,ZE4cwDNe9DMaqy9YGfUb2S9Wkps=
-4,-81,DKfalzsl6oR+4n0VDzDdSMAx220=,ZE4cwDNe9DMaqy9YGfUb2S9Wkps=
-6,-81,DKfalzsl6oR+4n0VDzDdSMAx220=,UseAyjritEy3wr7ggMUwpfHnn70=
-7,-82,DKfalzsl6oR+4n0VDzDdSMAx220=,qyDRTGfiHj0OD3VnFMEzJO2Qtn4=
-7,-83,DKfalzsl6oR+4n0VDzDdSMAx220=,1zaAxzdQU2aHWaz7dL2WS/i0pPI=
-7,-81,DKfalzsl6oR+4n0VDzDdSMAx220=,qyDRTGfiHj0OD3VnFMEzJO2Qtn4=
-5,-82,DKfalzsl6oR+4n0VDzDdSMAx220=,UseAyjritEy3wr7ggMUwpfHnn70=
-6,-82,DKfalzsl6oR+4n0VDzDdSMAx220=,UseAyjritEy3wr7ggMUwpfHnn70=
-5,-81,DKfalzsl6oR+4n0VDzDdSMAx220=,UseAyjritEy3wr7ggMUwpfHnn70=
-8,-68,eXKq2X+WdI4u7DEQ1GPx7Uw53XQ=,UV2RviYLQTTXsWkrA1DtlQwiiLo=
-7,-67,eXKq2X+WdI4u7DEQ1GPx7Uw53XQ=,UV2RviYLQTTXsWkrA1DtlQwiiLo=
-8,-67,eXKq2X+WdI4u7DEQ1GPx7Uw53XQ=,UV2RviYLQTTXsWkrA1DtlQwiiLo=
-7,-68,eXKq2X+WdI4u7DEQ1GPx7Uw53XQ=,UV2RviYLQTTXsWkrA1DtlQwiiLo=
