-19,62,NanhIiUso4XfVpnODReSAiPueEs=,pRoXKFrOWeTUT2rTBRUUMGn9inw=
-20,62,NanhIiUso4XfVpnODReSAiPueEs=,pRoXKFrOWeTUT2rTBRUUMGn9inw=
-17,61,NanhIiUso4XfVpnODReSAiPueEs=,t48X/Mbi04oxSsxqV23BlMIfAlY=
-18,62,NanhIiUso4XfVpnODReSAiPueEs=,hHSHsiIKXY/Tnppszmmn4NuB+70=
-17,60,NanhIiUso4XfVpnODReSAiPueEs=,t48X/Mbi04oxSsxqV23BlMIfAlY=
-18,63,NanhIiUso4XfVpnODReSAiPueEs=,hHSHsiIKXY/Tnppszmmn4NuB+70=
-19,63,NanhIiUso4XfVpnODReSAiPueEs=,pRoXKFrOWeTUT2rTBRUUMGn9inw=
-17,63,NanhIiUso4XfVpnODReSAiPueEs=,hHSHsiIKXY/Tnppszmmn4NuB+70=
-20,63,NanhIiUso4XfVpnODReSAiPueEs=,pRoXKFrOWeTUT2rTBRUUMGn9inw=
-17,62,NanhIiUso4XfVpnODReSAiPueEs=,hHSHsiIKXY/Tnppszmmn4NuB+70=
-18,61,NanhIiUso4XfVpnODReSAiPueEs=,t48X/Mbi04oxSsxqV23BlMIfAlY=
-18,60,NanhIiUso4XfVpnODReSAiPueEs=,t48X/Mbi04oxSsxqV23BlMIfAlY=
-12,57,gmK5ZVzQp4PCLt4gib6QTIJiUUE=,hDJKxxVH1qbD+V813ThXryT6I6o=
-13,56,gmK5ZVzQp4PCLt4gib6QTIJiUUE=,fyHSy2o6EOzcP1hUA/c5+3GF9g4=
-12,55,gmK5ZVzQp4PCLt4gib6QTIJiUUE=,eNA6IUrRKvFlcCX5CusTMfwnF2I=
-13,58,gmK5ZVzQp4PCLt4gib6QTIJiUUE=,U8g1UFawj1VFFwFQmDyRAUq7GL0=
-11,56,gmK5ZVzQp4PCLt4gib6QTIJiUUE=,hDJKxxVH1qbD+V813ThXryT6I6o=
-11,55,gmK5ZVzQp4PCLt4gib6QTIJiUUE=,eNA6IUrRKvFlcCX5CusTMfwnF2I=
-13,57,gmK5ZVzQp4PCLt4gib6QTIJiUUE=,fyHSy2o6EOzcP1hUA/c5+3GF9g4=
-12,56,gmK5ZVzQp4PCLt4gib6QTIJiUUE=,hDJKxxVH1qbD+V813ThXryT6I6o=
-14,58,gmK5ZVzQp4PCLt4gib6QTIJiUUE=,U8g1UFawj1VFFwFQmDyRAUq7GL0=
-10,53,gmK5ZVzQp4PCLt4gib6QTIJiUUE=,WIq9GDJedJDKZ2EsK9iYzIgszVQ=
-15,58,gmK5ZVzQp4PCLt4gib6QTIJiUUE=,hbbb9hhjUIRYLCrVeuYbySbOAe0=
-14,57,gmK5ZVzQp4PCLt4gib6QTIJiUUE=,fyHSy2o6EOzcP1hUA/c5+3GF9g4=
-11,54,gmK5ZVzQp4PCLt4gib6QTIJiUUE=,eNA6IUrRKvFlcCX5CusTMfwnF2I=
-10,52,gmK5ZVzQp4PCLt4gib6QTIJiUUE=,WIq9GDJedJDKZ2EsK9iYzIgszVQ=
-11,57,gmK5ZVzQp4PCLt4gib6QTIJiUUE=,hDJKxxVH1qbD+V813ThXryT6I6o=
-10,51,gmK5ZVzQp4PCLt4gib6QTIJiUUE=,K9rxxYJPwBfj2bRunEUVp1U2ypw=
-12,54,gmK5ZVzQp4PCLt4gib6QTIJiUUE=,eNA6IUrRKvFlcCX5CusTMfwnF2I=
-10,50,gmK5ZVzQp4PCLt4gib6QTIJiUUE=,K9rxxYJPwBfj2bRunEUVp1U2ypw=
-14,56,gmK5ZVzQp4PCLt4gib6QTIJiUUE=,fyHSy2o6EOzcP1hUA/c5+3GF9g4=
-13,59,gmK5ZVzQp4PCLt4gib6QTIJiUUE=,U8g1UFawj1VFFwFQmDyRAUq7GL0=
-14,59,gmK5ZVzQp4PCLt4gib6QTIJiUUE=,U8g1UFawj1VFFwFQmDyRAUq7GL0=
-9,53,gmK5ZVzQp4PCLt4gib6QTIJiUUE=,WIq9GDJedJDKZ2EsK9iYzIgszVQ=
-16,59,gmK5ZVzQp4PCLt4gib6QTIJiUUE=,hbbb9hhjUIRYLCrVeuYbySbOAe0=
-15,59,gmK5ZVzQp4PCLt4gib6QTIJiUUE=,hbbb9hhjUIRYLCrVeuYbySbOAe0=
-5,50,gmK5ZVzQp4PCLt4gib6QTIJiUUE=,26u6FnnRIkbOwAY8Pfkf8DEXXR0=
-5,51,gmK5ZVzQp4PCLt4gib6QTIJiUUE=,26u6FnnRIkbOwAY8Pfkf8DEXXR0=
-16,58,gmK5ZVzQp4PCLt4gib6QTIJiUUE=,hbbb9hhjUIRYLCrVeuYbySbOAe0=
-7,48,gmK5ZVzQp4PCLt4gib6QTIJiUUE=,Z35DanbKu4EUusO9SAAO+A6xb8I=
-8,48,gmK5ZVzQp4PCLt4gib6QTIJiUUE=,Z35DanbKu4EUusO9SAAO+A6xb8I=
-6,50,gmK5ZVzQp4PCLt4gib6QTIJiUUE=,26u6FnnRIkbOwAY8Pfkf8DEXXR0=
-9,52,gmK5ZVzQp4PCLt4gib6QTIJiUUE=,WIq9GDJedJDKZ2EsK9iYzIgszVQ=
-7,49,gmK5ZVzQp4PCLt4gib6QTIJiUUE=,Z35DanbKu4EUusO9SAAO+A6xb8I=
-7,51,gmK5ZVzQp4PCLt4gib6QTIJiUUE=,ETwi05fue3M+tMvhhIR/kuyEx+E=
-6,51,gmK5ZVzQp4PCLt4gib6QTIJiUUE=,26u6FnnRIkbOwAY8Pfkf8DEXXR0=
-8,51,gmK5ZVzQp4PCLt4gib6QTIJiUUE=,ETwi05fue3M+tMvhhIR/kuyEx+E=
-9,51,gmK5ZVzQp4PCLt4gib6QTIJiUUE=,K9rxxYJPwBfj2bRunEUVp1U2ypw=
-9,50,gmK5ZVzQp4PCLt4gib6QTIJiUUE=,K9rxxYJPwBfj2bRunEUVp1U2ypw=
-7,50,gmK5ZVzQp4PCLt4gib6QTIJiUUE=,ETwi05fue3M+tMvhhIR/kuyEx+E=
-8,49,gmK5ZVzQp4PCLt4gib6QTIJiUUE=,Z35DanbKu4EUusO9SAAO+A6xb8I=
-8,50,gmK5ZVzQp4PCLt4gib6QTIJiUUE=,ETwi05fue3M+tMvhhIR/kuyEx+E=
-6,37,0i0agZ3L5JUIgNnIuFrfJ51fmnE=,JA3aylMmMSnzm+33ujFuCXJfGwg=
-6,38,0i0agZ3L5JUIgNnIuFrfJ51fmnE=,k3K7DGT7jE0c4QzN+MQHmhJHxGo=
-5,40,0i0agZ3L5JUIgNnIuFrfJ51fmnE=,Z9nc2ZDWkYql2Vwq5tmN2X+I+wM=
-5,41,0i0agZ3L5JUIgNnIuFrfJ51fmnE=,Z9nc2ZDWkYql2Vwq5tmN2X+I+wM=
-5,39,0i0agZ3L5JUIgNnIuFrfJ51fmnE=,k3K7DGT7jE0c4QzN+MQHmhJHxGo=
-5,42,0i0agZ3L5JUIgNnIuFrfJ51fmnE=,8rTz1KnK5uSMoCTTDDXGV6o+VHY=
-6,40,0i0agZ3L5JUIgNnIuFrfJ51fmnE=,Z9nc2ZDWkYql2Vwq5tmN2X+I+wM=
-6,39,0i0agZ3L5JUIgNnIuFrfJ51fmnE=,k3K7DGT7jE0c4QzN+MQHmhJHxGo=
-6,43,0i0agZ3L5JUIgNnIuFrfJ51fmnE=,8rTz1KnK5uSMoCTTDDXGV6o+VHY=
-6,41,0i0agZ3L5JUIgNnIuFrfJ51fmnE=,Z9nc2ZDWkYql2Vwq5tmN2X+I+wM=
-6,42,0i0agZ3L5JUIgNnIuFrfJ51fmnE=,8rTz1KnK5uSMoCTTDDXGV6o+VHY=
-5,35,0i0agZ3L5JUIgNnIuFrfJ51fmnE=,Xl2+rJh27TxfQQkxUwGTksJKs4Y=
-5,36,0i0agZ3L5JUIgNnIuFrfJ51fmnE=,JA3aylMmMSnzm+33ujFuCXJfGwg=
-6,35,0i0agZ3L5JUIgNnIuFrfJ51fmnE=,Xl2+rJh27TxfQQkxUwGTksJKs4Y=
-6,36,0i0agZ3L5JUIgNnIuFrfJ51fmnE=,JA3aylMmMSnzm+33ujFuCXJfGwg=
-5,32,0i0agZ3L5JUIgNnIuFrfJ51fmnE=,nzKonC3EFUr8Jzhr0JLRqLzyY1E=
-5,34,0i0agZ3L5JUIgNnIuFrfJ51fmnE=,Xl2+rJh27TxfQQkxUwGTksJKs4Y=
-5,37,0i0agZ3L5JUIgNnIuFrfJ51fmnE=,JA3aylMmMSnzm+33ujFuCXJfGwg=
-5,38,0i0agZ3L5JUIgNnIuFrfJ51fmnE=,k3K7DGT7jE0c4QzN+MQHmhJHxGo=
-5,33,0i0agZ3L5JUIgNnIuFrfJ51fmnE=,nzKonC3EFUr8Jzhr0JLRqLzyY1E=
-5,43,0i0agZ3L5JUIgNnIuFrfJ51fmnE=,8rTz1KnK5uSMoCTTDDXGV6o+VHY=
-3,44,0i0agZ3L5JUIgNnIuFrfJ51fmnE=,SFezDAC7d4zpcVhNTJsfwQ8taOc=
-6,33,0i0agZ3L5JUIgNnIuFrfJ51fmnE=,nzKonC3EFUr8Jzhr0JLRqLzyY1E=
-6,34,0i0agZ3L5JUIgNnIuFrfJ51fmnE=,Xl2+rJh27TxfQQkxUwGTksJKs4Y=
-6,32,0i0agZ3L5JUIgNnIuFrfJ51fmnE=,nzKonC3EFUr8Jzhr0JLRqLzyY1E=
-4,45,0i0agZ3L5JUIgNnIuFrfJ51fmnE=,SFezDAC7d4zpcVhNTJsfwQ8taOc=
-4,44,0i0agZ3L5JUIgNnIuFrfJ51fmnE=,SFezDAC7d4zpcVhNTJsfwQ8taOc=
-6,46,0i0agZ3L5JUIgNnIuFrfJ51fmnE=,Ee9BrM3LUU8iTLOcJVp3hgJ1dW0=
-6,47,0i0agZ3L5JUIgNnIuFrfJ51fmnE=,Ee9BrM3LUU8iTLOcJVp3hgJ1dW0=
-5,46,0i0agZ3L5JUIgNnIuFrfJ51fmnE=,Ee9BrM3LUU8iTLOcJVp3hgJ1dW0=
-3,45,0i0agZ3L5JUIgNnIuFrfJ51fmnE=,SFezDAC7d4zpcVhNTJsfwQ8taOc=
-5,47,0i0agZ3L5JUIgNnIuFrfJ51fmnE=,Ee9BrM3LUU8iTLOcJVp3hgJ1dW0=
