77,115,kjsBRRxpW3KSEa71xrGh0TcbUtA=,VhKSWc0jO0d5IMGMl+k1EGyARAE=
77,116,kjsBRRxpW3KSEa71xrGh0TcbUtA=,6RL0pIKEXjJOosVVn0GUcgEmSmA=
78,115,kjsBRRxpW3KSEa71xrGh0TcbUtA=,amPZ1ZMa5LvvQq/JQunUC26gX1Q=
78,116,kjsBRRxpW3KSEa71xrGh0TcbUtA=,oh9wZZ5bCv3/P2a70H+wTLLI8fM=
69,117,kjsBRRxpW3KSEa71xrGh0TcbUtA=,FM/RZq5xEO0YXMsAm13QiyHfD0A=
70,116,kjsBRRxpW3KSEa71xrGh0TcbUtA=,X8FPCHNDXc5GFGZzGEb7Z0BAJuU=
70,117,kjsBRRxpW3KSEa71xrGh0TcbUtA=,X8FPCHNDXc5GFGZzGEb7Z0BAJuU=
69,116,kjsBRRxpW3KSEa71xrGh0TcbUtA=,FM/RZq5xEO0YXMsAm13QiyHfD0A=
72,115,kjsBRRxpW3KSEa71xrGh0TcbUtA=,VlJupF42fvJpxaC+bVgq2VZsiE8=
71,117,kjsBRRxpW3KSEa71xrGh0TcbUtA=,X8FPCHNDXc5GFGZzGEb7Z0BAJuU=
72,117,kjsBRRxpW3KSEa71xrGh0TcbUtA=,fMKW/CeaO0mtrbnX+WnlJTf6Gs8=
72,116,kjsBRRxpW3KSEa71xrGh0TcbUtA=,fMKW/CeaO0mtrbnX+WnlJTf6Gs8=
71,116,kjsBRRxpW3KSEa71xrGh0TcbUtA=,X8FPCHNDXc5GFGZzGEb7Z0BAJuU=
73,117,kjsBRRxpW3KSEa71xrGh0TcbUtA=,fMKW/CeaO0mtrbnX+WnlJTf6Gs8=
76,116,kjsBRRxpW3KSEa71xrGh0TcbUtA=,6RL0pIKEXjJOosVVn0GUcgEmSmA=
76,117,kjsBRRxpW3KSEa71xrGh0TcbUtA=,6RL0pIKEXjJOosVVn0GUcgEmSmA=
75,117,kjsBRRxpW3KSEa71xrGh0TcbUtA=,YgyQ8mPcoeduFHHXBv+/UjId+G8=
74,115,kjsBRRxpW3KSEa71xrGh0TcbUtA=,P66NCTY/pnPlq9Djla4f9V4m+Ws=
73,115,kjsBRRxpW3KSEa71xrGh0TcbUtA=,VlJupF42fvJpxaC+bVgq2VZsiE8=
75,115,kjsBRRxpW3KSEa71xrGh0TcbUtA=,P66NCTY/pnPlq9Djla4f9V4m+Ws=
76,115,kjsBRRxpW3KSEa71xrGh0TcbUtA=,VhKSWc0jO0d5IMGMl+k1EGyARAE=
74,117,kjsBRRxpW3KSEa71xrGh0TcbUtA=,YgyQ8mPcoeduFHHXBv+/UjId+G8=
75,116,kjsBRRxpW3KSEa71xrGh0TcbUtA=,YgyQ8mPcoeduFHHXBv+/UjId+G8=
74,116,kjsBRRxpW3KSEa71xrGh0TcbUtA=,YgyQ8mPcoeduFHHXBv+/UjId+G8=
73,116,kjsBRRxpW3KSEa71xrGh0TcbUtA=,fMKW/CeaO0mtrbnX+WnlJTf6Gs8=
74,114,kjsBRRxpW3KSEa71xrGh0TcbUtA=,P66NCTY/pnPlq9Djla4f9V4m+Ws=
78,117,kjsBRRxpW3KSEa71xrGh0TcbUtA=,oh9wZZ5bCv3/P2a70H+wTLLI8fM=
73,114,kjsBRRxpW3KSEa71xrGh0TcbUtA=,VlJupF42fvJpxaC+bVgq2VZsiE8=
78,114,kjsBRRxpW3KSEa71xrGh0TcbUtA=,amPZ1ZMa5LvvQq/JQunUC26gX1Q=
77,114,kjsBRRxpW3KSEa71xrGh0TcbUtA=,VhKSWc0jO0d5IMGMl+k1EGyARAE=
72,114,kjsBRRxpW3KSEa71xrGh0TcbUtA=,VlJupF42fvJpxaC+bVgq2VZsiE8=
79,114,kjsBRRxpW3KSEa71xrGh0TcbUtA=,amPZ1ZMa5LvvQq/JQunUC26gX1Q=
66,114,kjsBRRxpW3KSEa71xrGh0TcbUtA=,EwW5JwWYVLzzsDIkfPa29DJWSJU=
64,114,kjsBRRxpW3KSEa71xrGh0TcbUtA=,OUvfA0NnFxm85FvkaXw3t7a6U44=
65,114,kjsBRRxpW3KSEa71xrGh0TcbUtA=,OUvfA0NnFxm85FvkaXw3t7a6U44=
67,114,kjsBRRxpW3KSEa71xrGh0TcbUtA=,EwW5JwWYVLzzsDIkfPa29DJWSJU=
75,114,kjsBRRxpW3KSEa71xrGh0TcbUtA=,P66NCTY/pnPlq9Djla4f9V4m+Ws=
77,117,kjsBRRxpW3KSEa71xrGh0TcbUtA=,6RL0pIKEXjJOosVVn0GUcgEmSmA=
79,115,kjsBRRxpW3KSEa71xrGh0TcbUtA=,amPZ1ZMa5LvvQq/JQunUC26gX1Q=
79,116,kjsBRRxpW3KSEa71xrGh0TcbUtA=,oh9wZZ5bCv3/P2a70H+wTLLI8fM=
76,114,kjsBRRxpW3KSEa71xrGh0TcbUtA=,VhKSWc0jO0d5IMGMl+k1EGyARAE=
79,117,kjsBRRxpW3KSEa71xrGh0TcbUtA=,oh9wZZ5bCv3/P2a70H+wTLLI8fM=
64,115,kjsBRRxpW3KSEa71xrGh0TcbUtA=,OUvfA0NnFxm85FvkaXw3t7a6U44=
67,115,kjsBRRxpW3KSEa71xrGh0TcbUtA=,EwW5JwWYVLzzsDIkfPa29DJWSJU=
68,117,kjsBRRxpW3KSEa71xrGh0TcbUtA=,FM/RZq5xEO0YXMsAm13QiyHfD0A=
66,115,kjsBRRxpW3KSEa71xrGh0TcbUtA=,EwW5JwWYVLzzsDIkfPa29DJWSJU=
67,116,kjsBRRxpW3KSEa71xrGh0TcbUtA=,f+dwvVG4Q5CqwWZbViMAWSxAWyk=
65,115,kjsBRRxpW3KSEa71xrGh0TcbUtA=,OUvfA0NnFxm85FvkaXw3t7a6U44=
64,117,kjsBRRxpW3KSEa71xrGh0TcbUtA=,jYdzUqaoqsT3A1kQkbgGUvoN/jA=
64,116,kjsBRRxpW3KSEa71xrGh0TcbUtA=,jYdzUqaoqsT3A1kQkbgGUvoN/jA=
66,117,kjsBRRxpW3KSEa71xrGh0TcbUtA=,f+dwvVG4Q5CqwWZbViMAWSxAWyk=
65,117,kjsBRRxpW3KSEa71xrGh0TcbUtA=,jYdzUqaoqsT3A1kQkbgGUvoN/jA=
65,116,kjsBRRxpW3KSEa71xrGh0TcbUtA=,jYdzUqaoqsT3A1kQkbgGUvoN/jA=
67,117,kjsBRRxpW3KSEa71xrGh0TcbUtA=,f+dwvVG4Q5CqwWZbViMAWSxAWyk=
66,116,kjsBRRxpW3KSEa71xrGh0TcbUtA=,f+dwvVG4Q5CqwWZbViMAWSxAWyk=
68,116,kjsBRRxpW3KSEa71xrGh0TcbUtA=,FM/RZq5xEO0YXMsAm13QiyHfD0A=
89,117,rneCWcYQlhA7OVx7i/TfSjpYhg4=,aJs5lnbQRZ0b58bnNsWIneY0bMk=
89,116,rneCWcYQlhA7OVx7i/TfSjpYhg4=,aJs5lnbQRZ0b58bnNsWIneY0bMk=
90,116,rneCWcYQlhA7OVx7i/TfSjpYhg4=,ULHE3NnrBL/J+h339eK6XpIGXlQ=
90,117,rneCWcYQlhA7OVx7i/TfSjpYhg4=,ULHE3NnrBL/J+h339eK6XpIGXlQ=
95,116,rneCWcYQlhA7OVx7i/TfSjpYhg4=,lqBxM3W88Lt9iLTx14SKHdvdziM=
95,117,rneCWcYQlhA7OVx7i/TfSjpYhg4=,lqBxM3W88Lt9iLTx14SKHdvdziM=
92,116,rneCWcYQlhA7OVx7i/TfSjpYhg4=,mh8yePM0cl/nR4/7AJxPOqHuqyQ=
93,117,rneCWcYQlhA7OVx7i/TfSjpYhg4=,mh8yePM0cl/nR4/7AJxPOqHuqyQ=
91,116,rneCWcYQlhA7OVx7i/TfSjpYhg4=,ULHE3NnrBL/J+h339eK6XpIGXlQ=
94,117,rneCWcYQlhA7OVx7i/TfSjpYhg4=,lqBxM3W88Lt9iLTx14SKHdvdziM=
91,117,rneCWcYQlhA7OVx7i/TfSjpYhg4=,ULHE3NnrBL/J+h339eK6XpIGXlQ=
94,116,rneCWcYQlhA7OVx7i/TfSjpYhg4=,lqBxM3W88Lt9iLTx14SKHdvdziM=
88,117,rneCWcYQlhA7OVx7i/TfSjpYhg4=,aJs5lnbQRZ0b58bnNsWIneY0bMk=
93,116,rneCWcYQlhA7OVx7i/TfSjpYhg4=,mh8yePM0cl/nR4/7AJxPOqHuqyQ=
92,117,rneCWcYQlhA7OVx7i/TfSjpYhg4=,mh8yePM0cl/nR4/7AJxPOqHuqyQ=
88,116,rneCWcYQlhA7OVx7i/TfSjpYhg4=,aJs5lnbQRZ0b58bnNsWIneY0bMk=
87,116,rneCWcYQlhA7OVx7i/TfSjpYhg4=,utFxLKxW7YRVXLzjQPM4Zfbzj0I=
87,117,rneCWcYQlhA7OVx7i/TfSjpYhg4=,utFxLKxW7YRVXLzjQPM4Zfbzj0I=
86,116,rneCWcYQlhA7OVx7i/TfSjpYhg4=,utFxLKxW7YRVXLzjQPM4Zfbzj0I=
85,116,rneCWcYQlhA7OVx7i/TfSjpYhg4=,sRw6eKFfGJ0c/jjUaZsvkDkV2l0=
86,117,rneCWcYQlhA7OVx7i/TfSjpYhg4=,utFxLKxW7YRVXLzjQPM4Zfbzj0I=
84,116,rneCWcYQlhA7OVx7i/TfSjpYhg4=,sRw6eKFfGJ0c/jjUaZsvkDkV2l0=
83,117,rneCWcYQlhA7OVx7i/TfSjpYhg4=,L9TWG3XzwcgIzc9EVoDlIHHQcHw=
85,117,rneCWcYQlhA7OVx7i/TfSjpYhg4=,sRw6eKFfGJ0c/jjUaZsvkDkV2l0=
83,116,rneCWcYQlhA7OVx7i/TfSjpYhg4=,L9TWG3XzwcgIzc9EVoDlIHHQcHw=
84,117,rneCWcYQlhA7OVx7i/TfSjpYhg4=,sRw6eKFfGJ0c/jjUaZsvkDkV2l0=
82,116,rneCWcYQlhA7OVx7i/TfSjpYhg4=,L9TWG3XzwcgIzc9EVoDlIHHQcHw=
82,117,rneCWcYQlhA7OVx7i/TfSjpYhg4=,L9TWG3XzwcgIzc9EVoDlIHHQcHw=
81,116,rneCWcYQlhA7OVx7i/TfSjpYhg4=,7K+qLeBUB6JX3pxgb8AcO9vsZgQ=
81,117,rneCWcYQlhA7OVx7i/TfSjpYhg4=,7K+qLeBUB6JX3pxgb8AcO9vsZgQ=
80,116,rneCWcYQlhA7OVx7i/TfSjpYhg4=,7K+qLeBUB6JX3pxgb8AcO9vsZgQ=
80,117,rneCWcYQlhA7OVx7i/TfSjpYhg4=,7K+qLeBUB6JX3pxgb8AcO9vsZgQ=
91,98,rneCWcYQlhA7OVx7i/TfSjpYhg4=,59uZVaeH23PvxyHuATlmXgKENX0=
91,97,rneCWcYQlhA7OVx7i/TfSjpYhg4=,kizE7zZW3Mfu0AKaioWq4IhMWcg=
92,98,rneCWcYQlhA7OVx7i/TfSjpYhg4=,cGj75bMtv0fCN2VyLsxut9uFWv0=
91,96,rneCWcYQlhA7OVx7i/TfSjpYhg4=,kizE7zZW3Mfu0AKaioWq4IhMWcg=
90,99,rneCWcYQlhA7OVx7i/TfSjpYhg4=,59uZVaeH23PvxyHuATlmXgKENX0=
88,97,rneCWcYQlhA7OVx7i/TfSjpYhg4=,vTLOA3kOe44mbrt0d5LLpTzFVdk=
94,97,rneCWcYQlhA7OVx7i/TfSjpYhg4=,pR5X9goFLCGv2d52mNzhXKCpQYk=
95,98,rneCWcYQlhA7OVx7i/TfSjpYhg4=,dUPyvneysnmp51qzwVlo3Qz0OBc=
91,99,rneCWcYQlhA7OVx7i/TfSjpYhg4=,59uZVaeH23PvxyHuATlmXgKENX0=
93,99,rneCWcYQlhA7OVx7i/TfSjpYhg4=,cGj75bMtv0fCN2VyLsxut9uFWv0=
95,99,rneCWcYQlhA7OVx7i/TfSjpYhg4=,dUPyvneysnmp51qzwVlo3Qz0OBc=
94,99,rneCWcYQlhA7OVx7i/TfSjpYhg4=,dUPyvneysnmp51qzwVlo3Qz0OBc=
92,99,rneCWcYQlhA7OVx7i/TfSjpYhg4=,cGj75bMtv0fCN2VyLsxut9uFWv0=
90,96,rneCWcYQlhA7OVx7i/TfSjpYhg4=,kizE7zZW3Mfu0AKaioWq4IhMWcg=
94,96,rneCWcYQlhA7OVx7i/TfSjpYhg4=,pR5X9goFLCGv2d52mNzhXKCpQYk=
94,98,rneCWcYQlhA7OVx7i/TfSjpYhg4=,dUPyvneysnmp51qzwVlo3Qz0OBc=
89,96,rneCWcYQlhA7OVx7i/TfSjpYhg4=,vTLOA3kOe44mbrt0d5LLpTzFVdk=
95,96,rneCWcYQlhA7OVx7i/TfSjpYhg4=,pR5X9goFLCGv2d52mNzhXKCpQYk=
88,96,rneCWcYQlhA7OVx7i/TfSjpYhg4=,vTLOA3kOe44mbrt0d5LLpTzFVdk=
90,98,rneCWcYQlhA7OVx7i/TfSjpYhg4=,59uZVaeH23PvxyHuATlmXgKENX0=
89,97,rneCWcYQlhA7OVx7i/TfSjpYhg4=,vTLOA3kOe44mbrt0d5LLpTzFVdk=
90,97,rneCWcYQlhA7OVx7i/TfSjpYhg4=,kizE7zZW3Mfu0AKaioWq4IhMWcg=
95,97,rneCWcYQlhA7OVx7i/TfSjpYhg4=,pR5X9goFLCGv2d52mNzhXKCpQYk=
93,98,rneCWcYQlhA7OVx7i/TfSjpYhg4=,cGj75bMtv0fCN2VyLsxut9uFWv0=
