114,-102,KbuCREId89yeUuknf5IrsvkkEIo=,xuhCI9I36ctZ/nSkON1jOJduFO8=
114,-103,KbuCREId89yeUuknf5IrsvkkEIo=,rDDXUwWMZi7N9oZfsFlBwt0wNVM=
113,-103,KbuCREId89yeUuknf5IrsvkkEIo=,/Nc/ugyMQPlq2hoi8DELfyLtDPg=
113,-102,KbuCREId89yeUuknf5IrsvkkEIo=,Fk0fCjWM9Q6uk99+RLPoDEi2MyI=
115,-102,KbuCREId89yeUuknf5IrsvkkEIo=,xuhCI9I36ctZ/nSkON1jOJduFO8=
115,-103,KbuCREId89yeUuknf5IrsvkkEIo=,rDDXUwWMZi7N9oZfsFlBwt0wNVM=
116,-102,KbuCREId89yeUuknf5IrsvkkEIo=,dQBk3GeA200IXYUgty6XfEgSX1Q=
116,-103,KbuCREId89yeUuknf5IrsvkkEIo=,KFBogGN4s4qDRYOd4puBWMAyPqU=
115,-104,KbuCREId89yeUuknf5IrsvkkEIo=,rDDXUwWMZi7N9oZfsFlBwt0wNVM=
116,-104,KbuCREId89yeUuknf5IrsvkkEIo=,KFBogGN4s4qDRYOd4puBWMAyPqU=
115,-105,KbuCREId89yeUuknf5IrsvkkEIo=,SUdjmZpqDO7W6KsEvERleqi5aYE=
116,-105,KbuCREId89yeUuknf5IrsvkkEIo=,n0m05jXdBXC1wXcV2LbPSW/34Ew=
117,-100,KbuCREId89yeUuknf5IrsvkkEIo=,TWx3N79RcJDU8SYffGqbbF/qphs=
117,-99,KbuCREId89yeUuknf5IrsvkkEIo=,TWx3N79RcJDU8SYffGqbbF/qphs=
113,-104,KbuCREId89yeUuknf5IrsvkkEIo=,/Nc/ugyMQPlq2hoi8DELfyLtDPg=
117,-104,KbuCREId89yeUuknf5IrsvkkEIo=,KFBogGN4s4qDRYOd4puBWMAyPqU=
117,-101,KbuCREId89yeUuknf5IrsvkkEIo=,dQBk3GeA200IXYUgty6XfEgSX1Q=
117,-105,KbuCREId89yeUuknf5IrsvkkEIo=,n0m05jXdBXC1wXcV2LbPSW/34Ew=
113,-105,KbuCREId89yeUuknf5IrsvkkEIo=,dKk15zn+qX3hd4GH59BqCohcIcs=
117,-103,KbuCREId89yeUuknf5IrsvkkEIo=,KFBogGN4s4qDRYOd4puBWMAyPqU=
114,-97,KbuCREId89yeUuknf5IrsvkkEIo=,zvQC84bkvoTahKVXCxy4KyMLdWY=
114,-105,KbuCREId89yeUuknf5IrsvkkEIo=,SUdjmZpqDO7W6KsEvERleqi5aYE=
114,-104,KbuCREId89yeUuknf5IrsvkkEIo=,rDDXUwWMZi7N9oZfsFlBwt0wNVM=
117,-102,KbuCREId89yeUuknf5IrsvkkEIo=,dQBk3GeA200IXYUgty6XfEgSX1Q=
112,-99,KbuCREId89yeUuknf5IrsvkkEIo=,z708hfeXKdHbSrzKRluijaItr38=
112,-100,KbuCREId89yeUuknf5IrsvkkEIo=,z708hfeXKdHbSrzKRluijaItr38=
115,-97,KbuCREId89yeUuknf5IrsvkkEIo=,zvQC84bkvoTahKVXCxy4KyMLdWY=
112,-101,KbuCREId89yeUuknf5IrsvkkEIo=,Fk0fCjWM9Q6uk99+RLPoDEi2MyI=
113,-101,KbuCREId89yeUuknf5IrsvkkEIo=,Fk0fCjWM9Q6uk99+RLPoDEi2MyI=
114,-99,KbuCREId89yeUuknf5IrsvkkEIo=,CwGOxMEVWEC1JcE5ZPkvp4dqcjU=
116,-99,KbuCREId89yeUuknf5IrsvkkEIo=,TWx3N79RcJDU8SYffGqbbF/qphs=
115,-101,KbuCREId89yeUuknf5IrsvkkEIo=,xuhCI9I36ctZ/nSkON1jOJduFO8=
114,-98,KbuCREId89yeUuknf5IrsvkkEIo=,zvQC84bkvoTahKVXCxy4KyMLdWY=
113,-99,KbuCREId89yeUuknf5IrsvkkEIo=,z708hfeXKdHbSrzKRluijaItr38=
113,-100,KbuCREId89yeUuknf5IrsvkkEIo=,z708hfeXKdHbSrzKRluijaItr38=
115,-98,KbuCREId89yeUuknf5IrsvkkEIo=,zvQC84bkvoTahKVXCxy4KyMLdWY=
114,-101,KbuCREId89yeUuknf5IrsvkkEIo=,xuhCI9I36ctZ/nSkON1jOJduFO8=
116,-100,KbuCREId89yeUuknf5IrsvkkEIo=,TWx3N79RcJDU8SYffGqbbF/qphs=
115,-100,KbuCREId89yeUuknf5IrsvkkEIo=,CwGOxMEVWEC1JcE5ZPkvp4dqcjU=
114,-100,KbuCREId89yeUuknf5IrsvkkEIo=,CwGOxMEVWEC1JcE5ZPkvp4dqcjU=
116,-101,KbuCREId89yeUuknf5IrsvkkEIo=,dQBk3GeA200IXYUgty6XfEgSX1Q=
115,-99,KbuCREId89yeUuknf5IrsvkkEIo=,CwGOxMEVWEC1JcE5ZPkvp4dqcjU=
113,-106,KbuCREId89yeUuknf5IrsvkkEIo=,dKk15zn+qX3hd4GH59BqCohcIcs=
114,-106,KbuCREId89yeUuknf5IrsvkkEIo=,SUdjmZpqDO7W6KsEvERleqi5aYE=
117,-111,KbuCREId89yeUuknf5IrsvkkEIo=,zGtpApvmCY2DY1EMtC3McwviBeY=
116,-106,KbuCREId89yeUuknf5IrsvkkEIo=,n0m05jXdBXC1wXcV2LbPSW/34Ew=
117,-112,KbuCREId89yeUuknf5IrsvkkEIo=,zGtpApvmCY2DY1EMtC3McwviBeY=
115,-107,KbuCREId89yeUuknf5IrsvkkEIo=,imPn2JnQ1M4bCNVf/cxEp9PEwtM=
115,-106,KbuCREId89yeUuknf5IrsvkkEIo=,SUdjmZpqDO7W6KsEvERleqi5aYE=
112,-103,KbuCREId89yeUuknf5IrsvkkEIo=,/Nc/ugyMQPlq2hoi8DELfyLtDPg=
117,-106,KbuCREId89yeUuknf5IrsvkkEIo=,n0m05jXdBXC1wXcV2LbPSW/34Ew=
112,-102,KbuCREId89yeUuknf5IrsvkkEIo=,Fk0fCjWM9Q6uk99+RLPoDEi2MyI=
114,-107,KbuCREId89yeUuknf5IrsvkkEIo=,imPn2JnQ1M4bCNVf/cxEp9PEwtM=
112,-104,KbuCREId89yeUuknf5IrsvkkEIo=,/Nc/ugyMQPlq2hoi8DELfyLtDPg=
112,-105,KbuCREId89yeUuknf5IrsvkkEIo=,dKk15zn+qX3hd4GH59BqCohcIcs=
114,-109,KbuCREId89yeUuknf5IrsvkkEIo=,xz98SX1f4BK+obqk0K6bD7/zC5g=
112,-106,KbuCREId89yeUuknf5IrsvkkEIo=,dKk15zn+qX3hd4GH59BqCohcIcs=
115,-108,KbuCREId89yeUuknf5IrsvkkEIo=,imPn2JnQ1M4bCNVf/cxEp9PEwtM=
114,-108,KbuCREId89yeUuknf5IrsvkkEIo=,imPn2JnQ1M4bCNVf/cxEp9PEwtM=
115,-109,KbuCREId89yeUuknf5IrsvkkEIo=,xz98SX1f4BK+obqk0K6bD7/zC5g=
114,-110,KbuCREId89yeUuknf5IrsvkkEIo=,xz98SX1f4BK+obqk0K6bD7/zC5g=
115,-110,KbuCREId89yeUuknf5IrsvkkEIo=,xz98SX1f4BK+obqk0K6bD7/zC5g=
116,-111,KbuCREId89yeUuknf5IrsvkkEIo=,zGtpApvmCY2DY1EMtC3McwviBeY=
114,-112,KbuCREId89yeUuknf5IrsvkkEIo=,VA8Nmzys4Sku2xvWiNbMFBBaKCw=
114,-111,KbuCREId89yeUuknf5IrsvkkEIo=,VA8Nmzys4Sku2xvWiNbMFBBaKCw=
115,-112,KbuCREId89yeUuknf5IrsvkkEIo=,VA8Nmzys4Sku2xvWiNbMFBBaKCw=
115,-111,KbuCREId89yeUuknf5IrsvkkEIo=,VA8Nmzys4Sku2xvWiNbMFBBaKCw=
116,-112,KbuCREId89yeUuknf5IrsvkkEIo=,zGtpApvmCY2DY1EMtC3McwviBeY=
114,-116,KbuCREId89yeUuknf5IrsvkkEIo=,ZIJkHo8h+aoTCezETadj+RCRf/Q=
113,-116,KbuCREId89yeUuknf5IrsvkkEIo=,npTaiyKcYvAPTwRajF71PC9LyRo=
114,-117,KbuCREId89yeUuknf5IrsvkkEIo=,vnGJq+lAl0wgMaCaftuZDwa5Z84=
113,-117,KbuCREId89yeUuknf5IrsvkkEIo=,XHtNLufP00YO325RKVrJlBvOicI=
114,-115,KbuCREId89yeUuknf5IrsvkkEIo=,ZIJkHo8h+aoTCezETadj+RCRf/Q=
113,-115,KbuCREId89yeUuknf5IrsvkkEIo=,npTaiyKcYvAPTwRajF71PC9LyRo=
112,-115,KbuCREId89yeUuknf5IrsvkkEIo=,npTaiyKcYvAPTwRajF71PC9LyRo=
112,-118,KbuCREId89yeUuknf5IrsvkkEIo=,XHtNLufP00YO325RKVrJlBvOicI=
113,-118,KbuCREId89yeUuknf5IrsvkkEIo=,XHtNLufP00YO325RKVrJlBvOicI=
114,-118,KbuCREId89yeUuknf5IrsvkkEIo=,vnGJq+lAl0wgMaCaftuZDwa5Z84=
112,-117,KbuCREId89yeUuknf5IrsvkkEIo=,XHtNLufP00YO325RKVrJlBvOicI=
112,-116,KbuCREId89yeUuknf5IrsvkkEIo=,npTaiyKcYvAPTwRajF71PC9LyRo=
117,-117,KbuCREId89yeUuknf5IrsvkkEIo=,PWvjdTfaufcPqjqNqhe871hq1GI=
116,-118,KbuCREId89yeUuknf5IrsvkkEIo=,PWvjdTfaufcPqjqNqhe871hq1GI=
115,-116,KbuCREId89yeUuknf5IrsvkkEIo=,ZIJkHo8h+aoTCezETadj+RCRf/Q=
117,-116,KbuCREId89yeUuknf5IrsvkkEIo=,O26US9rfEm55nk2uSUtlIpkH1Ug=
115,-118,KbuCREId89yeUuknf5IrsvkkEIo=,vnGJq+lAl0wgMaCaftuZDwa5Z84=
116,-117,KbuCREId89yeUuknf5IrsvkkEIo=,PWvjdTfaufcPqjqNqhe871hq1GI=
115,-115,KbuCREId89yeUuknf5IrsvkkEIo=,ZIJkHo8h+aoTCezETadj+RCRf/Q=
117,-113,KbuCREId89yeUuknf5IrsvkkEIo=,+U6sBtP5xc+k2lshGwbd3rO3+eA=
117,-118,KbuCREId89yeUuknf5IrsvkkEIo=,PWvjdTfaufcPqjqNqhe871hq1GI=
117,-114,KbuCREId89yeUuknf5IrsvkkEIo=,+U6sBtP5xc+k2lshGwbd3rO3+eA=
115,-117,KbuCREId89yeUuknf5IrsvkkEIo=,vnGJq+lAl0wgMaCaftuZDwa5Z84=
116,-115,KbuCREId89yeUuknf5IrsvkkEIo=,O26US9rfEm55nk2uSUtlIpkH1Ug=
116,-114,KbuCREId89yeUuknf5IrsvkkEIo=,+U6sBtP5xc+k2lshGwbd3rO3+eA=
116,-116,KbuCREId89yeUuknf5IrsvkkEIo=,O26US9rfEm55nk2uSUtlIpkH1Ug=
116,-113,KbuCREId89yeUuknf5IrsvkkEIo=,+U6sBtP5xc+k2lshGwbd3rO3+eA=
117,-115,KbuCREId89yeUuknf5IrsvkkEIo=,O26US9rfEm55nk2uSUtlIpkH1Ug=
99,-116,LFxsbElbG5HpRKlGDl8SasfO7O0=,r5H085v4vCGrRLayDQWdX76NJuE=
97,-117,LFxsbElbG5HpRKlGDl8SasfO7O0=,eqI+4Pg4o57+tArv/XTOWKn8TWk=
100,-117,LFxsbElbG5HpRKlGDl8SasfO7O0=,o9zDkBoQd8xau6CrA08DlvNFTU0=
100,-116,LFxsbElbG5HpRKlGDl8SasfO7O0=,7q8OqkvWfezyJagzop3c32OMShM=
99,-117,LFxsbElbG5HpRKlGDl8SasfO7O0=,fnirG5622PE2Gyes6qtLIjnjpIU=
98,-117,LFxsbElbG5HpRKlGDl8SasfO7O0=,fnirG5622PE2Gyes6qtLIjnjpIU=
98,-116,LFxsbElbG5HpRKlGDl8SasfO7O0=,r5H085v4vCGrRLayDQWdX76NJuE=
97,-116,LFxsbElbG5HpRKlGDl8SasfO7O0=,Ce4N+wbIqrgsMeccBX6KVJWxd6M=
97,-115,LFxsbElbG5HpRKlGDl8SasfO7O0=,Ce4N+wbIqrgsMeccBX6KVJWxd6M=
98,-115,LFxsbElbG5HpRKlGDl8SasfO7O0=,r5H085v4vCGrRLayDQWdX76NJuE=
98,-114,LFxsbElbG5HpRKlGDl8SasfO7O0=,BLABzyerOlBbP3EAmVCwTH7zMug=
97,-114,LFxsbElbG5HpRKlGDl8SasfO7O0=,Ye8fQITJ8Pm7sSoTPPnu2kSyI5U=
101,-116,LFxsbElbG5HpRKlGDl8SasfO7O0=,7q8OqkvWfezyJagzop3c32OMShM=
104,-117,LFxsbElbG5HpRKlGDl8SasfO7O0=,wbwze2LwJ3y0WQokLgkZDTCZka8=
102,-117,LFxsbElbG5HpRKlGDl8SasfO7O0=,Zw1S+8ZYhZvAY43ROIyyugVPJNU=
103,-117,LFxsbElbG5HpRKlGDl8SasfO7O0=,Zw1S+8ZYhZvAY43ROIyyugVPJNU=
101,-117,LFxsbElbG5HpRKlGDl8SasfO7O0=,o9zDkBoQd8xau6CrA08DlvNFTU0=
100,-118,LFxsbElbG5HpRKlGDl8SasfO7O0=,o9zDkBoQd8xau6CrA08DlvNFTU0=
100,-115,LFxsbElbG5HpRKlGDl8SasfO7O0=,7q8OqkvWfezyJagzop3c32OMShM=
108,-118,LFxsbElbG5HpRKlGDl8SasfO7O0=,0rfb/5/re87WhwjVJSnC3aQZk1E=
99,-118,LFxsbElbG5HpRKlGDl8SasfO7O0=,fnirG5622PE2Gyes6qtLIjnjpIU=
99,-115,LFxsbElbG5HpRKlGDl8SasfO7O0=,r5H085v4vCGrRLayDQWdX76NJuE=
106,-117,LFxsbElbG5HpRKlGDl8SasfO7O0=,HPv33/+/y1puy9WNSbISLFyAEfs=
99,-114,LFxsbElbG5HpRKlGDl8SasfO7O0=,BLABzyerOlBbP3EAmVCwTH7zMug=
105,-117,LFxsbElbG5HpRKlGDl8SasfO7O0=,wbwze2LwJ3y0WQokLgkZDTCZka8=
107,-118,LFxsbElbG5HpRKlGDl8SasfO7O0=,HPv33/+/y1puy9WNSbISLFyAEfs=
96,-114,LFxsbElbG5HpRKlGDl8SasfO7O0=,Ye8fQITJ8Pm7sSoTPPnu2kSyI5U=
96,-115,LFxsbElbG5HpRKlGDl8SasfO7O0=,Ce4N+wbIqrgsMeccBX6KVJWxd6M=
98,-118,LFxsbElbG5HpRKlGDl8SasfO7O0=,fnirG5622PE2Gyes6qtLIjnjpIU=
96,-118,LFxsbElbG5HpRKlGDl8SasfO7O0=,eqI+4Pg4o57+tArv/XTOWKn8TWk=
97,-118,LFxsbElbG5HpRKlGDl8SasfO7O0=,eqI+4Pg4o57+tArv/XTOWKn8TWk=
101,-115,LFxsbElbG5HpRKlGDl8SasfO7O0=,7q8OqkvWfezyJagzop3c32OMShM=
99,-113,LFxsbElbG5HpRKlGDl8SasfO7O0=,BLABzyerOlBbP3EAmVCwTH7zMug=
96,-113,LFxsbElbG5HpRKlGDl8SasfO7O0=,Ye8fQITJ8Pm7sSoTPPnu2kSyI5U=
102,-118,LFxsbElbG5HpRKlGDl8SasfO7O0=,Zw1S+8ZYhZvAY43ROIyyugVPJNU=
98,-113,LFxsbElbG5HpRKlGDl8SasfO7O0=,BLABzyerOlBbP3EAmVCwTH7zMug=
96,-117,LFxsbElbG5HpRKlGDl8SasfO7O0=,eqI+4Pg4o57+tArv/XTOWKn8TWk=
106,-118,LFxsbElbG5HpRKlGDl8SasfO7O0=,HPv33/+/y1puy9WNSbISLFyAEfs=
105,-118,LFxsbElbG5HpRKlGDl8SasfO7O0=,wbwze2LwJ3y0WQokLgkZDTCZka8=
103,-118,LFxsbElbG5HpRKlGDl8SasfO7O0=,Zw1S+8ZYhZvAY43ROIyyugVPJNU=
97,-113,LFxsbElbG5HpRKlGDl8SasfO7O0=,Ye8fQITJ8Pm7sSoTPPnu2kSyI5U=
104,-118,LFxsbElbG5HpRKlGDl8SasfO7O0=,wbwze2LwJ3y0WQokLgkZDTCZka8=
101,-118,LFxsbElbG5HpRKlGDl8SasfO7O0=,o9zDkBoQd8xau6CrA08DlvNFTU0=
96,-116,LFxsbElbG5HpRKlGDl8SasfO7O0=,Ce4N+wbIqrgsMeccBX6KVJWxd6M=
110,-118,LFxsbElbG5HpRKlGDl8SasfO7O0=,YcFbK6eOH8C3KVghbLHpPWTyNT4=
109,-118,LFxsbElbG5HpRKlGDl8SasfO7O0=,0rfb/5/re87WhwjVJSnC3aQZk1E=
111,-117,LFxsbElbG5HpRKlGDl8SasfO7O0=,YcFbK6eOH8C3KVghbLHpPWTyNT4=
111,-118,LFxsbElbG5HpRKlGDl8SasfO7O0=,YcFbK6eOH8C3KVghbLHpPWTyNT4=
110,-117,LFxsbElbG5HpRKlGDl8SasfO7O0=,YcFbK6eOH8C3KVghbLHpPWTyNT4=
108,-116,LFxsbElbG5HpRKlGDl8SasfO7O0=,PCTvynnN+rOTHA4XfKIeL8cN6IY=
108,-117,LFxsbElbG5HpRKlGDl8SasfO7O0=,0rfb/5/re87WhwjVJSnC3aQZk1E=
109,-117,LFxsbElbG5HpRKlGDl8SasfO7O0=,0rfb/5/re87WhwjVJSnC3aQZk1E=
109,-115,LFxsbElbG5HpRKlGDl8SasfO7O0=,PCTvynnN+rOTHA4XfKIeL8cN6IY=
107,-117,LFxsbElbG5HpRKlGDl8SasfO7O0=,HPv33/+/y1puy9WNSbISLFyAEfs=
108,-115,LFxsbElbG5HpRKlGDl8SasfO7O0=,PCTvynnN+rOTHA4XfKIeL8cN6IY=
109,-116,LFxsbElbG5HpRKlGDl8SasfO7O0=,PCTvynnN+rOTHA4XfKIeL8cN6IY=
106,-97,LFxsbElbG5HpRKlGDl8SasfO7O0=,+6g4gtgKbNHmB5ty6TExDfEym3U=
105,-97,LFxsbElbG5HpRKlGDl8SasfO7O0=,qvKWYRpFeCKJnldrjbSdCLC0tQQ=
108,-100,LFxsbElbG5HpRKlGDl8SasfO7O0=,ClHK569FfMyAAF4qhLgkfg8WXMQ=
107,-98,LFxsbElbG5HpRKlGDl8SasfO7O0=,+6g4gtgKbNHmB5ty6TExDfEym3U=
107,-100,LFxsbElbG5HpRKlGDl8SasfO7O0=,Ch5VQ5FWZHyd6GEwox+8mSQUbio=
107,-99,LFxsbElbG5HpRKlGDl8SasfO7O0=,Ch5VQ5FWZHyd6GEwox+8mSQUbio=
108,-99,LFxsbElbG5HpRKlGDl8SasfO7O0=,ClHK569FfMyAAF4qhLgkfg8WXMQ=
106,-100,LFxsbElbG5HpRKlGDl8SasfO7O0=,Ch5VQ5FWZHyd6GEwox+8mSQUbio=
103,-100,LFxsbElbG5HpRKlGDl8SasfO7O0=,A/07f1YHfSsaLrXIMPiIYT64YeA=
106,-99,LFxsbElbG5HpRKlGDl8SasfO7O0=,Ch5VQ5FWZHyd6GEwox+8mSQUbio=
104,-100,LFxsbElbG5HpRKlGDl8SasfO7O0=,wZMtakw4YJYn19U5TbWrzS3WwFE=
106,-98,LFxsbElbG5HpRKlGDl8SasfO7O0=,+6g4gtgKbNHmB5ty6TExDfEym3U=
103,-98,LFxsbElbG5HpRKlGDl8SasfO7O0=,a5Qy2jFxrtxhyT0yZcAz7Sl25MA=
105,-98,LFxsbElbG5HpRKlGDl8SasfO7O0=,qvKWYRpFeCKJnldrjbSdCLC0tQQ=
103,-99,LFxsbElbG5HpRKlGDl8SasfO7O0=,A/07f1YHfSsaLrXIMPiIYT64YeA=
104,-99,LFxsbElbG5HpRKlGDl8SasfO7O0=,wZMtakw4YJYn19U5TbWrzS3WwFE=
104,-98,LFxsbElbG5HpRKlGDl8SasfO7O0=,qvKWYRpFeCKJnldrjbSdCLC0tQQ=
105,-99,LFxsbElbG5HpRKlGDl8SasfO7O0=,wZMtakw4YJYn19U5TbWrzS3WwFE=
105,-100,LFxsbElbG5HpRKlGDl8SasfO7O0=,wZMtakw4YJYn19U5TbWrzS3WwFE=
111,-100,LFxsbElbG5HpRKlGDl8SasfO7O0=,8e2qmw/fqLndNrIbyNjTAOk5w4A=
109,-100,LFxsbElbG5HpRKlGDl8SasfO7O0=,ClHK569FfMyAAF4qhLgkfg8WXMQ=
110,-100,LFxsbElbG5HpRKlGDl8SasfO7O0=,8e2qmw/fqLndNrIbyNjTAOk5w4A=
109,-99,LFxsbElbG5HpRKlGDl8SasfO7O0=,ClHK569FfMyAAF4qhLgkfg8WXMQ=
108,-103,LFxsbElbG5HpRKlGDl8SasfO7O0=,KfEpRNkzV3LJxNy4DFnhdacmB0s=
109,-103,LFxsbElbG5HpRKlGDl8SasfO7O0=,KfEpRNkzV3LJxNy4DFnhdacmB0s=
110,-103,LFxsbElbG5HpRKlGDl8SasfO7O0=,QmeLATmaGCDkIq9+KduVVTPIvdI=
107,-97,LFxsbElbG5HpRKlGDl8SasfO7O0=,+6g4gtgKbNHmB5ty6TExDfEym3U=
111,-103,LFxsbElbG5HpRKlGDl8SasfO7O0=,QmeLATmaGCDkIq9+KduVVTPIvdI=
103,-97,LFxsbElbG5HpRKlGDl8SasfO7O0=,a5Qy2jFxrtxhyT0yZcAz7Sl25MA=
102,-98,LFxsbElbG5HpRKlGDl8SasfO7O0=,a5Qy2jFxrtxhyT0yZcAz7Sl25MA=
102,-99,LFxsbElbG5HpRKlGDl8SasfO7O0=,A/07f1YHfSsaLrXIMPiIYT64YeA=
102,-97,LFxsbElbG5HpRKlGDl8SasfO7O0=,a5Qy2jFxrtxhyT0yZcAz7Sl25MA=
111,-99,LFxsbElbG5HpRKlGDl8SasfO7O0=,8e2qmw/fqLndNrIbyNjTAOk5w4A=
102,-100,LFxsbElbG5HpRKlGDl8SasfO7O0=,A/07f1YHfSsaLrXIMPiIYT64YeA=
110,-99,LFxsbElbG5HpRKlGDl8SasfO7O0=,8e2qmw/fqLndNrIbyNjTAOk5w4A=
104,-97,LFxsbElbG5HpRKlGDl8SasfO7O0=,qvKWYRpFeCKJnldrjbSdCLC0tQQ=
108,-104,LFxsbElbG5HpRKlGDl8SasfO7O0=,KfEpRNkzV3LJxNy4DFnhdacmB0s=
108,-106,LFxsbElbG5HpRKlGDl8SasfO7O0=,WWI11MdrH/QokEcS5nnriAbcTEg=
108,-105,LFxsbElbG5HpRKlGDl8SasfO7O0=,WWI11MdrH/QokEcS5nnriAbcTEg=
109,-106,LFxsbElbG5HpRKlGDl8SasfO7O0=,WWI11MdrH/QokEcS5nnriAbcTEg=
111,-106,LFxsbElbG5HpRKlGDl8SasfO7O0=,F+kEOLauOV7yfzQSbiEs7jduuSY=
110,-106,LFxsbElbG5HpRKlGDl8SasfO7O0=,F+kEOLauOV7yfzQSbiEs7jduuSY=
110,-104,LFxsbElbG5HpRKlGDl8SasfO7O0=,QmeLATmaGCDkIq9+KduVVTPIvdI=
109,-104,LFxsbElbG5HpRKlGDl8SasfO7O0=,KfEpRNkzV3LJxNy4DFnhdacmB0s=
111,-104,LFxsbElbG5HpRKlGDl8SasfO7O0=,QmeLATmaGCDkIq9+KduVVTPIvdI=
111,-105,LFxsbElbG5HpRKlGDl8SasfO7O0=,F+kEOLauOV7yfzQSbiEs7jduuSY=
110,-105,LFxsbElbG5HpRKlGDl8SasfO7O0=,F+kEOLauOV7yfzQSbiEs7jduuSY=
109,-105,LFxsbElbG5HpRKlGDl8SasfO7O0=,WWI11MdrH/QokEcS5nnriAbcTEg=
