-10,-5,LqutymhKOHX49nF9GFs/lpNNekI=,Qk/DfEjv7bLsQeXySDBX8bmVdjA=
-10,-4,LqutymhKOHX49nF9GFs/lpNNekI=,+sl13bVMoW3pfXi8iT3hzVhMQ40=
-11,-5,LqutymhKOHX49nF9GFs/lpNNekI=,GfgMXxTNBQqQG6cGegWDCrVgziM=
-11,-4,LqutymhKOHX49nF9GFs/lpNNekI=,9iKNFiXqkmItR4jJWDoIwkzU3/A=
-10,-3,LqutymhKOHX49nF9GFs/lpNNekI=,+sl13bVMoW3pfXi8iT3hzVhMQ40=
-11,-2,LqutymhKOHX49nF9GFs/lpNNekI=,eREcMDPD76IbR6jtawtZSl7Nv5c=
-10,-2,LqutymhKOHX49nF9GFs/lpNNekI=,1WvxbRQEZN4alb/KIhKi4+9Jaq8=
-11,-3,LqutymhKOHX49nF9GFs/lpNNekI=,9iKNFiXqkmItR4jJWDoIwkzU3/A=
-12,-4,LqutymhKOHX49nF9GFs/lpNNekI=,9iKNFiXqkmItR4jJWDoIwkzU3/A=
-13,-5,LqutymhKOHX49nF9GFs/lpNNekI=,BwToXxWoT545Q6/x813nbk7Zx94=
-13,-4,LqutymhKOHX49nF9GFs/lpNNekI=,PPN1veOtNdM7Vi1yvuVxpI4oRDI=
-12,-5,LqutymhKOHX49nF9GFs/lpNNekI=,GfgMXxTNBQqQG6cGegWDCrVgziM=
-13,-2,LqutymhKOHX49nF9GFs/lpNNekI=,m4nH2fXQZjhye6eV8oGEsqueYtw=
-13,-3,LqutymhKOHX49nF9GFs/lpNNekI=,PPN1veOtNdM7Vi1yvuVxpI4oRDI=
-12,-3,LqutymhKOHX49nF9GFs/lpNNekI=,9iKNFiXqkmItR4jJWDoIwkzU3/A=
-12,-2,LqutymhKOHX49nF9GFs/lpNNekI=,eREcMDPD76IbR6jtawtZSl7Nv5c=
-14,-3,AkZ7WAndTOthRe3yyGwKA09Tan8=,PPN1veOtNdM7Vi1yvuVxpI4oRDI=
-14,-2,AkZ7WAndTOthRe3yyGwKA09Tan8=,m4nH2fXQZjhye6eV8oGEsqueYtw=
-15,-2,AkZ7WAndTOthRe3yyGwKA09Tan8=,Yz71tcVnL1bdVZxYo/o75BzcKNg=
-15,-3,AkZ7WAndTOthRe3yyGwKA09Tan8=,PMfpSe+wesIirDEZibVYdFGo64I=
-14,-5,AkZ7WAndTOthRe3yyGwKA09Tan8=,BwToXxWoT545Q6/x813nbk7Zx94=
-14,-4,AkZ7WAndTOthRe3yyGwKA09Tan8=,PPN1veOtNdM7Vi1yvuVxpI4oRDI=
-15,-4,AkZ7WAndTOthRe3yyGwKA09Tan8=,PMfpSe+wesIirDEZibVYdFGo64I=
-15,-5,AkZ7WAndTOthRe3yyGwKA09Tan8=,Jb2GFnAJpvG1kpnA8wMaI05j670=
-15,-6,AkZ7WAndTOthRe3yyGwKA09Tan8=,Jb2GFnAJpvG1kpnA8wMaI05j670=
-15,-7,AkZ7WAndTOthRe3yyGwKA09Tan8=,4+wMD7v1qJ+ysQK1HI2JU2S4Imk=
-14,-7,AkZ7WAndTOthRe3yyGwKA09Tan8=,roFAcKI6CEMJH7yt6ZaktpqMezI=
-14,-6,AkZ7WAndTOthRe3yyGwKA09Tan8=,BwToXxWoT545Q6/x813nbk7Zx94=
-15,-8,AkZ7WAndTOthRe3yyGwKA09Tan8=,4+wMD7v1qJ+ysQK1HI2JU2S4Imk=
-14,-9,AkZ7WAndTOthRe3yyGwKA09Tan8=,JYknIHYCQ6dBrpLTgDOKxA7HSYE=
-14,-8,AkZ7WAndTOthRe3yyGwKA09Tan8=,roFAcKI6CEMJH7yt6ZaktpqMezI=
-15,-9,AkZ7WAndTOthRe3yyGwKA09Tan8=,mY2H8rdugL/7y6Ua1rWL4Hit4Sk=
-15,-10,AkZ7WAndTOthRe3yyGwKA09Tan8=,mY2H8rdugL/7y6Ua1rWL4Hit4Sk=
-15,-11,AkZ7WAndTOthRe3yyGwKA09Tan8=,JnWncEowzH6nQirWamM+iu6CZWs=
-14,-11,AkZ7WAndTOthRe3yyGwKA09Tan8=,1ZhAl9JkGOuYzM/od+EvHSWzCI4=
-14,-10,AkZ7WAndTOthRe3yyGwKA09Tan8=,JYknIHYCQ6dBrpLTgDOKxA7HSYE=
-12,-10,MJSFmwZ1uYFCDBwYf5S1Qymzzlc=,7mJHLg8y66JjNxR66H57FxF42yc=
-13,-10,MJSFmwZ1uYFCDBwYf5S1Qymzzlc=,JYknIHYCQ6dBrpLTgDOKxA7HSYE=
-12,-11,MJSFmwZ1uYFCDBwYf5S1Qymzzlc=,EVE9K9l63YpQVGE8hqtREezJgx4=
-13,-11,MJSFmwZ1uYFCDBwYf5S1Qymzzlc=,1ZhAl9JkGOuYzM/od+EvHSWzCI4=
-13,-15,MJSFmwZ1uYFCDBwYf5S1Qymzzlc=,rChZJofWGw/INxU037Y/V6TZq2Q=
-13,-14,MJSFmwZ1uYFCDBwYf5S1Qymzzlc=,U3JrxvIYOzmyTGLH15+U8vGLyHM=
-12,-15,MJSFmwZ1uYFCDBwYf5S1Qymzzlc=,krdA1ujkZ1s/e/3CmPwozAOcbfA=
-12,-12,MJSFmwZ1uYFCDBwYf5S1Qymzzlc=,EVE9K9l63YpQVGE8hqtREezJgx4=
-13,-13,MJSFmwZ1uYFCDBwYf5S1Qymzzlc=,U3JrxvIYOzmyTGLH15+U8vGLyHM=
-13,-12,MJSFmwZ1uYFCDBwYf5S1Qymzzlc=,1ZhAl9JkGOuYzM/od+EvHSWzCI4=
-12,-13,MJSFmwZ1uYFCDBwYf5S1Qymzzlc=,3dUCFe2dbj8754rSLLzUil9JCzM=
-12,-14,MJSFmwZ1uYFCDBwYf5S1Qymzzlc=,3dUCFe2dbj8754rSLLzUil9JCzM=
-15,-13,MJSFmwZ1uYFCDBwYf5S1Qymzzlc=,jdPR1+Gw5HMYcpc0gt74LX15zos=
-14,-13,MJSFmwZ1uYFCDBwYf5S1Qymzzlc=,U3JrxvIYOzmyTGLH15+U8vGLyHM=
-14,-12,MJSFmwZ1uYFCDBwYf5S1Qymzzlc=,1ZhAl9JkGOuYzM/od+EvHSWzCI4=
-15,-12,MJSFmwZ1uYFCDBwYf5S1Qymzzlc=,JnWncEowzH6nQirWamM+iu6CZWs=
-11,-15,MJSFmwZ1uYFCDBwYf5S1Qymzzlc=,krdA1ujkZ1s/e/3CmPwozAOcbfA=
-10,-14,MJSFmwZ1uYFCDBwYf5S1Qymzzlc=,cXuzNhsT9nTJA0fmgHvWb1C9ie0=
-10,-15,MJSFmwZ1uYFCDBwYf5S1Qymzzlc=,ShRErMONlW/MTA68VXzU1rTgwaM=
-11,-14,MJSFmwZ1uYFCDBwYf5S1Qymzzlc=,3dUCFe2dbj8754rSLLzUil9JCzM=
-11,-12,TwGreUaDoQPLtSY/+Xx+NI0kvyE=,EVE9K9l63YpQVGE8hqtREezJgx4=
-11,-13,TwGreUaDoQPLtSY/+Xx+NI0kvyE=,3dUCFe2dbj8754rSLLzUil9JCzM=
-10,-13,TwGreUaDoQPLtSY/+Xx+NI0kvyE=,cXuzNhsT9nTJA0fmgHvWb1C9ie0=
-10,-12,TwGreUaDoQPLtSY/+Xx+NI0kvyE=,G3p9qFDHLVfu7PMO7ymASxQrTjE=
-8,-12,TwGreUaDoQPLtSY/+Xx+NI0kvyE=,YUSAOPAbNmj8XB2IxzQ1fX3uxlY=
-9,-13,TwGreUaDoQPLtSY/+Xx+NI0kvyE=,cXuzNhsT9nTJA0fmgHvWb1C9ie0=
-8,-13,TwGreUaDoQPLtSY/+Xx+NI0kvyE=,8M6N+82b70HSe06iIheJacak/Zg=
-9,-12,TwGreUaDoQPLtSY/+Xx+NI0kvyE=,G3p9qFDHLVfu7PMO7ymASxQrTjE=
-8,-14,MJSFmwZ1uYFCDBwYf5S1Qymzzlc=,8M6N+82b70HSe06iIheJacak/Zg=
-9,-14,MJSFmwZ1uYFCDBwYf5S1Qymzzlc=,cXuzNhsT9nTJA0fmgHvWb1C9ie0=
-8,-15,MJSFmwZ1uYFCDBwYf5S1Qymzzlc=,holTvn8inn1yOC3jSn5NhO4883o=
-9,-15,MJSFmwZ1uYFCDBwYf5S1Qymzzlc=,ShRErMONlW/MTA68VXzU1rTgwaM=
-6,-13,AkZ7WAndTOthRe3yyGwKA09Tan8=,URayx/JVjGhcX1DR3+2jekKZNJM=
-6,-12,AkZ7WAndTOthRe3yyGwKA09Tan8=,OrJjVu8WFDESauVWwpOtOkDdDOw=
-7,-12,AkZ7WAndTOthRe3yyGwKA09Tan8=,YUSAOPAbNmj8XB2IxzQ1fX3uxlY=
-7,-13,AkZ7WAndTOthRe3yyGwKA09Tan8=,8M6N+82b70HSe06iIheJacak/Zg=
-6,-14,MJSFmwZ1uYFCDBwYf5S1Qymzzlc=,URayx/JVjGhcX1DR3+2jekKZNJM=
-6,-15,MJSFmwZ1uYFCDBwYf5S1Qymzzlc=,k6inkMvrKY5biBprfehGUXinONA=
-7,-14,MJSFmwZ1uYFCDBwYf5S1Qymzzlc=,8M6N+82b70HSe06iIheJacak/Zg=
-7,-15,MJSFmwZ1uYFCDBwYf5S1Qymzzlc=,holTvn8inn1yOC3jSn5NhO4883o=
-5,-15,MJSFmwZ1uYFCDBwYf5S1Qymzzlc=,k6inkMvrKY5biBprfehGUXinONA=
-5,-14,MJSFmwZ1uYFCDBwYf5S1Qymzzlc=,URayx/JVjGhcX1DR3+2jekKZNJM=
-5,-12,MJSFmwZ1uYFCDBwYf5S1Qymzzlc=,OrJjVu8WFDESauVWwpOtOkDdDOw=
-4,-15,MJSFmwZ1uYFCDBwYf5S1Qymzzlc=,0uTsPLPp+CnTEUn9JQCXzllhvO4=
-4,-12,MJSFmwZ1uYFCDBwYf5S1Qymzzlc=,t2RKRQhhIwzKDtVHiFKn2sSDjJI=
-4,-14,MJSFmwZ1uYFCDBwYf5S1Qymzzlc=,2kj59O73D2ZYrh5WcmKI21ZnxFs=
-4,-13,MJSFmwZ1uYFCDBwYf5S1Qymzzlc=,2kj59O73D2ZYrh5WcmKI21ZnxFs=
-5,-13,MJSFmwZ1uYFCDBwYf5S1Qymzzlc=,URayx/JVjGhcX1DR3+2jekKZNJM=
-2,-13,MJSFmwZ1uYFCDBwYf5S1Qymzzlc=,MNrAQlWO6oE9uAJrt6YOasrNw4o=
-2,-12,MJSFmwZ1uYFCDBwYf5S1Qymzzlc=,N/0SzERxl9+zAQHDjALUp1J8nUU=
-3,-12,MJSFmwZ1uYFCDBwYf5S1Qymzzlc=,t2RKRQhhIwzKDtVHiFKn2sSDjJI=
-3,-13,MJSFmwZ1uYFCDBwYf5S1Qymzzlc=,2kj59O73D2ZYrh5WcmKI21ZnxFs=
-2,-11,MJSFmwZ1uYFCDBwYf5S1Qymzzlc=,N/0SzERxl9+zAQHDjALUp1J8nUU=
-3,-11,MJSFmwZ1uYFCDBwYf5S1Qymzzlc=,t2RKRQhhIwzKDtVHiFKn2sSDjJI=
-2,-10,MJSFmwZ1uYFCDBwYf5S1Qymzzlc=,h3Ig3QmlujsYIQ3AfuHUjF95zxY=
-3,-10,MJSFmwZ1uYFCDBwYf5S1Qymzzlc=,IMIRkLNwwfS7RSxi8+rLmPQduJM=
-3,-8,MJSFmwZ1uYFCDBwYf5S1Qymzzlc=,op9MUgdK3oHjNiJWOh9TXBi8Roc=
-2,-9,MJSFmwZ1uYFCDBwYf5S1Qymzzlc=,h3Ig3QmlujsYIQ3AfuHUjF95zxY=
-2,-8,MJSFmwZ1uYFCDBwYf5S1Qymzzlc=,MwZAquhoSprTkEIT4yta+DWtbUg=
-3,-9,MJSFmwZ1uYFCDBwYf5S1Qymzzlc=,IMIRkLNwwfS7RSxi8+rLmPQduJM=
-5,-11,MJSFmwZ1uYFCDBwYf5S1Qymzzlc=,OrJjVu8WFDESauVWwpOtOkDdDOw=
-4,-11,MJSFmwZ1uYFCDBwYf5S1Qymzzlc=,t2RKRQhhIwzKDtVHiFKn2sSDjJI=
-5,-8,MJSFmwZ1uYFCDBwYf5S1Qymzzlc=,GVLmdlxzVu0xOLh4DD/44SMEgNM=
-4,-10,MJSFmwZ1uYFCDBwYf5S1Qymzzlc=,IMIRkLNwwfS7RSxi8+rLmPQduJM=
-4,-8,MJSFmwZ1uYFCDBwYf5S1Qymzzlc=,op9MUgdK3oHjNiJWOh9TXBi8Roc=
-5,-10,MJSFmwZ1uYFCDBwYf5S1Qymzzlc=,0/IOYuNlA7m+PsInMZ1XWgJ96/8=
-5,-9,MJSFmwZ1uYFCDBwYf5S1Qymzzlc=,0/IOYuNlA7m+PsInMZ1XWgJ96/8=
-4,-9,MJSFmwZ1uYFCDBwYf5S1Qymzzlc=,IMIRkLNwwfS7RSxi8+rLmPQduJM=
-7,-6,TwGreUaDoQPLtSY/+Xx+NI0kvyE=,KxVPLrSQkCrAIgjIzFfuElcWg0E=
-7,-7,TwGreUaDoQPLtSY/+Xx+NI0kvyE=,qzdZHmS3EiRqlkODnZjAS7hr9n0=
-6,-6,TwGreUaDoQPLtSY/+Xx+NI0kvyE=,dkMZmG9jxJtuA0NUboj+1Lwiuv8=
-6,-7,TwGreUaDoQPLtSY/+Xx+NI0kvyE=,GVLmdlxzVu0xOLh4DD/44SMEgNM=
-6,-11,TwGreUaDoQPLtSY/+Xx+NI0kvyE=,OrJjVu8WFDESauVWwpOtOkDdDOw=
-7,-8,TwGreUaDoQPLtSY/+Xx+NI0kvyE=,qzdZHmS3EiRqlkODnZjAS7hr9n0=
-6,-10,TwGreUaDoQPLtSY/+Xx+NI0kvyE=,0/IOYuNlA7m+PsInMZ1XWgJ96/8=
-7,-11,TwGreUaDoQPLtSY/+Xx+NI0kvyE=,YUSAOPAbNmj8XB2IxzQ1fX3uxlY=
-6,-9,TwGreUaDoQPLtSY/+Xx+NI0kvyE=,0/IOYuNlA7m+PsInMZ1XWgJ96/8=
-6,-8,TwGreUaDoQPLtSY/+Xx+NI0kvyE=,GVLmdlxzVu0xOLh4DD/44SMEgNM=
-7,-9,TwGreUaDoQPLtSY/+Xx+NI0kvyE=,dADDZqq8v1CL+MIWtCEM1zCAIQs=
-7,-10,TwGreUaDoQPLtSY/+Xx+NI0kvyE=,dADDZqq8v1CL+MIWtCEM1zCAIQs=
-8,-5,TwGreUaDoQPLtSY/+Xx+NI0kvyE=,KxVPLrSQkCrAIgjIzFfuElcWg0E=
-9,-5,TwGreUaDoQPLtSY/+Xx+NI0kvyE=,Qk/DfEjv7bLsQeXySDBX8bmVdjA=
-9,-4,TwGreUaDoQPLtSY/+Xx+NI0kvyE=,+sl13bVMoW3pfXi8iT3hzVhMQ40=
-8,-4,TwGreUaDoQPLtSY/+Xx+NI0kvyE=,b1Bo2hwCRQ7bNr6KmOx1NKy4pmg=
-4,-6,MJSFmwZ1uYFCDBwYf5S1Qymzzlc=,hahP0SySkKhpKbK9BApkkDzITtw=
-5,-6,MJSFmwZ1uYFCDBwYf5S1Qymzzlc=,dkMZmG9jxJtuA0NUboj+1Lwiuv8=
-5,-7,MJSFmwZ1uYFCDBwYf5S1Qymzzlc=,GVLmdlxzVu0xOLh4DD/44SMEgNM=
-4,-7,MJSFmwZ1uYFCDBwYf5S1Qymzzlc=,op9MUgdK3oHjNiJWOh9TXBi8Roc=
-6,-5,TwGreUaDoQPLtSY/+Xx+NI0kvyE=,dkMZmG9jxJtuA0NUboj+1Lwiuv8=
-7,-5,TwGreUaDoQPLtSY/+Xx+NI0kvyE=,KxVPLrSQkCrAIgjIzFfuElcWg0E=
-6,-4,TwGreUaDoQPLtSY/+Xx+NI0kvyE=,mNLWciiGpW08SiDT5SBTuOW8+q8=
-7,-4,TwGreUaDoQPLtSY/+Xx+NI0kvyE=,b1Bo2hwCRQ7bNr6KmOx1NKy4pmg=
-5,-4,TwGreUaDoQPLtSY/+Xx+NI0kvyE=,mNLWciiGpW08SiDT5SBTuOW8+q8=
-5,-5,TwGreUaDoQPLtSY/+Xx+NI0kvyE=,dkMZmG9jxJtuA0NUboj+1Lwiuv8=
-4,-4,TwGreUaDoQPLtSY/+Xx+NI0kvyE=,UBKxogCooNtULhnI49gJ3eH/GpE=
-4,-5,TwGreUaDoQPLtSY/+Xx+NI0kvyE=,hahP0SySkKhpKbK9BApkkDzITtw=
-4,-2,TwGreUaDoQPLtSY/+Xx+NI0kvyE=,WRNT0MSETPxfej6+7pBiymsdpnU=
-4,-3,TwGreUaDoQPLtSY/+Xx+NI0kvyE=,UBKxogCooNtULhnI49gJ3eH/GpE=
-5,-2,TwGreUaDoQPLtSY/+Xx+NI0kvyE=,QAf6PHWOcoi9rQ9APm5SGwHmErk=
-5,-3,TwGreUaDoQPLtSY/+Xx+NI0kvyE=,mNLWciiGpW08SiDT5SBTuOW8+q8=
-3,-3,TwGreUaDoQPLtSY/+Xx+NI0kvyE=,UBKxogCooNtULhnI49gJ3eH/GpE=
-2,-2,TwGreUaDoQPLtSY/+Xx+NI0kvyE=,QnN7l5YD7Q3JqlqtXeIA0xhVgT8=
-2,-3,TwGreUaDoQPLtSY/+Xx+NI0kvyE=,AmA9z3SIQISg6SZqHXQ1MKv25Og=
-3,-2,TwGreUaDoQPLtSY/+Xx+NI0kvyE=,WRNT0MSETPxfej6+7pBiymsdpnU=
-1,-3,MJSFmwZ1uYFCDBwYf5S1Qymzzlc=,AmA9z3SIQISg6SZqHXQ1MKv25Og=
-10,-1,MJSFmwZ1uYFCDBwYf5S1Qymzzlc=,1WvxbRQEZN4alb/KIhKi4+9Jaq8=
-1,-2,MJSFmwZ1uYFCDBwYf5S1Qymzzlc=,QnN7l5YD7Q3JqlqtXeIA0xhVgT8=
-11,-1,MJSFmwZ1uYFCDBwYf5S1Qymzzlc=,eREcMDPD76IbR6jtawtZSl7Nv5c=
-13,-1,MJSFmwZ1uYFCDBwYf5S1Qymzzlc=,m4nH2fXQZjhye6eV8oGEsqueYtw=
-14,-1,MJSFmwZ1uYFCDBwYf5S1Qymzzlc=,m4nH2fXQZjhye6eV8oGEsqueYtw=
-12,-1,MJSFmwZ1uYFCDBwYf5S1Qymzzlc=,eREcMDPD76IbR6jtawtZSl7Nv5c=
-15,-1,MJSFmwZ1uYFCDBwYf5S1Qymzzlc=,Yz71tcVnL1bdVZxYo/o75BzcKNg=
-4,-1,MJSFmwZ1uYFCDBwYf5S1Qymzzlc=,WRNT0MSETPxfej6+7pBiymsdpnU=
-2,-1,MJSFmwZ1uYFCDBwYf5S1Qymzzlc=,QnN7l5YD7Q3JqlqtXeIA0xhVgT8=
-5,-1,MJSFmwZ1uYFCDBwYf5S1Qymzzlc=,QAf6PHWOcoi9rQ9APm5SGwHmErk=
-3,-1,MJSFmwZ1uYFCDBwYf5S1Qymzzlc=,WRNT0MSETPxfej6+7pBiymsdpnU=
-1,-9,MJSFmwZ1uYFCDBwYf5S1Qymzzlc=,h3Ig3QmlujsYIQ3AfuHUjF95zxY=
-1,-8,MJSFmwZ1uYFCDBwYf5S1Qymzzlc=,MwZAquhoSprTkEIT4yta+DWtbUg=
-1,-11,MJSFmwZ1uYFCDBwYf5S1Qymzzlc=,N/0SzERxl9+zAQHDjALUp1J8nUU=
-1,-13,MJSFmwZ1uYFCDBwYf5S1Qymzzlc=,MNrAQlWO6oE9uAJrt6YOasrNw4o=
-1,-12,MJSFmwZ1uYFCDBwYf5S1Qymzzlc=,N/0SzERxl9+zAQHDjALUp1J8nUU=
-1,-10,MJSFmwZ1uYFCDBwYf5S1Qymzzlc=,h3Ig3QmlujsYIQ3AfuHUjF95zxY=
-9,-3,TwGreUaDoQPLtSY/+Xx+NI0kvyE=,+sl13bVMoW3pfXi8iT3hzVhMQ40=
-6,-2,TwGreUaDoQPLtSY/+Xx+NI0kvyE=,QAf6PHWOcoi9rQ9APm5SGwHmErk=
-8,-3,TwGreUaDoQPLtSY/+Xx+NI0kvyE=,b1Bo2hwCRQ7bNr6KmOx1NKy4pmg=
-7,-3,TwGreUaDoQPLtSY/+Xx+NI0kvyE=,b1Bo2hwCRQ7bNr6KmOx1NKy4pmg=
-9,-1,MJSFmwZ1uYFCDBwYf5S1Qymzzlc=,1WvxbRQEZN4alb/KIhKi4+9Jaq8=
-6,-3,TwGreUaDoQPLtSY/+Xx+NI0kvyE=,mNLWciiGpW08SiDT5SBTuOW8+q8=
-6,-1,MJSFmwZ1uYFCDBwYf5S1Qymzzlc=,QAf6PHWOcoi9rQ9APm5SGwHmErk=
-9,-2,TwGreUaDoQPLtSY/+Xx+NI0kvyE=,1WvxbRQEZN4alb/KIhKi4+9Jaq8=
-7,-1,MJSFmwZ1uYFCDBwYf5S1Qymzzlc=,YLvqBtFXTXmUpNqFoEk8WTyzUV8=
-8,-2,TwGreUaDoQPLtSY/+Xx+NI0kvyE=,YLvqBtFXTXmUpNqFoEk8WTyzUV8=
-7,-2,LqutymhKOHX49nF9GFs/lpNNekI=,YLvqBtFXTXmUpNqFoEk8WTyzUV8=
-8,-1,MJSFmwZ1uYFCDBwYf5S1Qymzzlc=,YLvqBtFXTXmUpNqFoEk8WTyzUV8=
-5,-16,MJSFmwZ1uYFCDBwYf5S1Qymzzlc=,k6inkMvrKY5biBprfehGUXinONA=
-4,-16,MJSFmwZ1uYFCDBwYf5S1Qymzzlc=,0uTsPLPp+CnTEUn9JQCXzllhvO4=
-6,-16,MJSFmwZ1uYFCDBwYf5S1Qymzzlc=,k6inkMvrKY5biBprfehGUXinONA=
-7,-16,MJSFmwZ1uYFCDBwYf5S1Qymzzlc=,holTvn8inn1yOC3jSn5NhO4883o=
-8,-16,MJSFmwZ1uYFCDBwYf5S1Qymzzlc=,holTvn8inn1yOC3jSn5NhO4883o=
-9,-16,MJSFmwZ1uYFCDBwYf5S1Qymzzlc=,ShRErMONlW/MTA68VXzU1rTgwaM=
-11,-16,MJSFmwZ1uYFCDBwYf5S1Qymzzlc=,krdA1ujkZ1s/e/3CmPwozAOcbfA=
-13,-16,MJSFmwZ1uYFCDBwYf5S1Qymzzlc=,rChZJofWGw/INxU037Y/V6TZq2Q=
-12,-16,MJSFmwZ1uYFCDBwYf5S1Qymzzlc=,krdA1ujkZ1s/e/3CmPwozAOcbfA=
-10,-16,MJSFmwZ1uYFCDBwYf5S1Qymzzlc=,ShRErMONlW/MTA68VXzU1rTgwaM=
-1,-4,MJSFmwZ1uYFCDBwYf5S1Qymzzlc=,AmA9z3SIQISg6SZqHXQ1MKv25Og=
-2,-4,MJSFmwZ1uYFCDBwYf5S1Qymzzlc=,AmA9z3SIQISg6SZqHXQ1MKv25Og=
-3,-6,MJSFmwZ1uYFCDBwYf5S1Qymzzlc=,hahP0SySkKhpKbK9BApkkDzITtw=
-2,-7,MJSFmwZ1uYFCDBwYf5S1Qymzzlc=,MwZAquhoSprTkEIT4yta+DWtbUg=
-3,-4,MJSFmwZ1uYFCDBwYf5S1Qymzzlc=,UBKxogCooNtULhnI49gJ3eH/GpE=
-2,-6,MJSFmwZ1uYFCDBwYf5S1Qymzzlc=,E6xHa2yLKOUz68IVgLmfFk0KsyM=
-3,-7,MJSFmwZ1uYFCDBwYf5S1Qymzzlc=,op9MUgdK3oHjNiJWOh9TXBi8Roc=
-3,-5,MJSFmwZ1uYFCDBwYf5S1Qymzzlc=,hahP0SySkKhpKbK9BApkkDzITtw=
-1,-7,MJSFmwZ1uYFCDBwYf5S1Qymzzlc=,MwZAquhoSprTkEIT4yta+DWtbUg=
-1,-5,MJSFmwZ1uYFCDBwYf5S1Qymzzlc=,E6xHa2yLKOUz68IVgLmfFk0KsyM=
-2,-5,MJSFmwZ1uYFCDBwYf5S1Qymzzlc=,E6xHa2yLKOUz68IVgLmfFk0KsyM=
-1,-6,MJSFmwZ1uYFCDBwYf5S1Qymzzlc=,E6xHa2yLKOUz68IVgLmfFk0KsyM=
-16,-13,MJSFmwZ1uYFCDBwYf5S1Qymzzlc=,jdPR1+Gw5HMYcpc0gt74LX15zos=
-16,-12,MJSFmwZ1uYFCDBwYf5S1Qymzzlc=,JnWncEowzH6nQirWamM+iu6CZWs=
-16,-8,MJSFmwZ1uYFCDBwYf5S1Qymzzlc=,4+wMD7v1qJ+ysQK1HI2JU2S4Imk=
-16,-9,MJSFmwZ1uYFCDBwYf5S1Qymzzlc=,mY2H8rdugL/7y6Ua1rWL4Hit4Sk=
-16,-11,MJSFmwZ1uYFCDBwYf5S1Qymzzlc=,JnWncEowzH6nQirWamM+iu6CZWs=
-16,-10,MJSFmwZ1uYFCDBwYf5S1Qymzzlc=,mY2H8rdugL/7y6Ua1rWL4Hit4Sk=
-16,-7,MJSFmwZ1uYFCDBwYf5S1Qymzzlc=,4+wMD7v1qJ+ysQK1HI2JU2S4Imk=
-16,-6,MJSFmwZ1uYFCDBwYf5S1Qymzzlc=,Jb2GFnAJpvG1kpnA8wMaI05j670=
-16,-4,MJSFmwZ1uYFCDBwYf5S1Qymzzlc=,PMfpSe+wesIirDEZibVYdFGo64I=
-16,-5,MJSFmwZ1uYFCDBwYf5S1Qymzzlc=,Jb2GFnAJpvG1kpnA8wMaI05j670=
-16,-2,MJSFmwZ1uYFCDBwYf5S1Qymzzlc=,Yz71tcVnL1bdVZxYo/o75BzcKNg=
-16,-3,MJSFmwZ1uYFCDBwYf5S1Qymzzlc=,PMfpSe+wesIirDEZibVYdFGo64I=
-16,-1,MJSFmwZ1uYFCDBwYf5S1Qymzzlc=,Yz71tcVnL1bdVZxYo/o75BzcKNg=
-3,-16,MJSFmwZ1uYFCDBwYf5S1Qymzzlc=,0uTsPLPp+CnTEUn9JQCXzllhvO4=
-2,-16,MJSFmwZ1uYFCDBwYf5S1Qymzzlc=,xbbt0orEVD0XnQE0b2WlgGJ5XUo=
-3,-14,MJSFmwZ1uYFCDBwYf5S1Qymzzlc=,2kj59O73D2ZYrh5WcmKI21ZnxFs=
-3,-15,MJSFmwZ1uYFCDBwYf5S1Qymzzlc=,0uTsPLPp+CnTEUn9JQCXzllhvO4=
-1,-15,MJSFmwZ1uYFCDBwYf5S1Qymzzlc=,xbbt0orEVD0XnQE0b2WlgGJ5XUo=
-1,-14,MJSFmwZ1uYFCDBwYf5S1Qymzzlc=,MNrAQlWO6oE9uAJrt6YOasrNw4o=
-1,-16,MJSFmwZ1uYFCDBwYf5S1Qymzzlc=,xbbt0orEVD0XnQE0b2WlgGJ5XUo=
-2,-15,MJSFmwZ1uYFCDBwYf5S1Qymzzlc=,xbbt0orEVD0XnQE0b2WlgGJ5XUo=
-2,-14,MJSFmwZ1uYFCDBwYf5S1Qymzzlc=,MNrAQlWO6oE9uAJrt6YOasrNw4o=
-14,-14,MJSFmwZ1uYFCDBwYf5S1Qymzzlc=,U3JrxvIYOzmyTGLH15+U8vGLyHM=
-14,-15,MJSFmwZ1uYFCDBwYf5S1Qymzzlc=,rChZJofWGw/INxU037Y/V6TZq2Q=
-15,-14,MJSFmwZ1uYFCDBwYf5S1Qymzzlc=,jdPR1+Gw5HMYcpc0gt74LX15zos=
-16,-14,MJSFmwZ1uYFCDBwYf5S1Qymzzlc=,jdPR1+Gw5HMYcpc0gt74LX15zos=
-16,-15,MJSFmwZ1uYFCDBwYf5S1Qymzzlc=,m0a47G/Vz990DQxuLoJnGqsT9zY=
-16,-16,MJSFmwZ1uYFCDBwYf5S1Qymzzlc=,m0a47G/Vz990DQxuLoJnGqsT9zY=
-14,-16,MJSFmwZ1uYFCDBwYf5S1Qymzzlc=,rChZJofWGw/INxU037Y/V6TZq2Q=
-15,-16,MJSFmwZ1uYFCDBwYf5S1Qymzzlc=,m0a47G/Vz990DQxuLoJnGqsT9zY=
-15,-15,MJSFmwZ1uYFCDBwYf5S1Qymzzlc=,m0a47G/Vz990DQxuLoJnGqsT9zY=
-1,-1,MJSFmwZ1uYFCDBwYf5S1Qymzzlc=,QnN7l5YD7Q3JqlqtXeIA0xhVgT8=
-12,-7,LqutymhKOHX49nF9GFs/lpNNekI=,MA7WiGdisy2sELA/YtajxhRJm6k=
-12,-9,MJSFmwZ1uYFCDBwYf5S1Qymzzlc=,7mJHLg8y66JjNxR66H57FxF42yc=
-13,-6,MJSFmwZ1uYFCDBwYf5S1Qymzzlc=,BwToXxWoT545Q6/x813nbk7Zx94=
-12,-8,MJSFmwZ1uYFCDBwYf5S1Qymzzlc=,MA7WiGdisy2sELA/YtajxhRJm6k=
-13,-7,LqutymhKOHX49nF9GFs/lpNNekI=,roFAcKI6CEMJH7yt6ZaktpqMezI=
-12,-6,LqutymhKOHX49nF9GFs/lpNNekI=,GfgMXxTNBQqQG6cGegWDCrVgziM=
-13,-9,MJSFmwZ1uYFCDBwYf5S1Qymzzlc=,JYknIHYCQ6dBrpLTgDOKxA7HSYE=
-13,-8,MJSFmwZ1uYFCDBwYf5S1Qymzzlc=,roFAcKI6CEMJH7yt6ZaktpqMezI=
-11,-7,MJSFmwZ1uYFCDBwYf5S1Qymzzlc=,MA7WiGdisy2sELA/YtajxhRJm6k=
-8,-6,MJSFmwZ1uYFCDBwYf5S1Qymzzlc=,KxVPLrSQkCrAIgjIzFfuElcWg0E=
-9,-6,MJSFmwZ1uYFCDBwYf5S1Qymzzlc=,Qk/DfEjv7bLsQeXySDBX8bmVdjA=
-11,-6,MJSFmwZ1uYFCDBwYf5S1Qymzzlc=,GfgMXxTNBQqQG6cGegWDCrVgziM=
-9,-7,MJSFmwZ1uYFCDBwYf5S1Qymzzlc=,cMMVvitnZHerQpH1+nzynss8+4s=
-10,-6,MJSFmwZ1uYFCDBwYf5S1Qymzzlc=,Qk/DfEjv7bLsQeXySDBX8bmVdjA=
-8,-7,MJSFmwZ1uYFCDBwYf5S1Qymzzlc=,qzdZHmS3EiRqlkODnZjAS7hr9n0=
-10,-7,MJSFmwZ1uYFCDBwYf5S1Qymzzlc=,cMMVvitnZHerQpH1+nzynss8+4s=
-10,-8,MJSFmwZ1uYFCDBwYf5S1Qymzzlc=,cMMVvitnZHerQpH1+nzynss8+4s=
-11,-8,MJSFmwZ1uYFCDBwYf5S1Qymzzlc=,MA7WiGdisy2sELA/YtajxhRJm6k=
-9,-8,MJSFmwZ1uYFCDBwYf5S1Qymzzlc=,cMMVvitnZHerQpH1+nzynss8+4s=
-8,-8,MJSFmwZ1uYFCDBwYf5S1Qymzzlc=,qzdZHmS3EiRqlkODnZjAS7hr9n0=
-10,-9,MJSFmwZ1uYFCDBwYf5S1Qymzzlc=,l0ibRZPyCpyHnwn0pQ8Q9v86rUg=
-11,-9,MJSFmwZ1uYFCDBwYf5S1Qymzzlc=,7mJHLg8y66JjNxR66H57FxF42yc=
-8,-10,MJSFmwZ1uYFCDBwYf5S1Qymzzlc=,dADDZqq8v1CL+MIWtCEM1zCAIQs=
-8,-11,MJSFmwZ1uYFCDBwYf5S1Qymzzlc=,YUSAOPAbNmj8XB2IxzQ1fX3uxlY=
-8,-9,MJSFmwZ1uYFCDBwYf5S1Qymzzlc=,dADDZqq8v1CL+MIWtCEM1zCAIQs=
-9,-9,MJSFmwZ1uYFCDBwYf5S1Qymzzlc=,l0ibRZPyCpyHnwn0pQ8Q9v86rUg=
-11,-10,MJSFmwZ1uYFCDBwYf5S1Qymzzlc=,7mJHLg8y66JjNxR66H57FxF42yc=
-9,-11,MJSFmwZ1uYFCDBwYf5S1Qymzzlc=,G3p9qFDHLVfu7PMO7ymASxQrTjE=
-10,-10,MJSFmwZ1uYFCDBwYf5S1Qymzzlc=,l0ibRZPyCpyHnwn0pQ8Q9v86rUg=
-10,-11,MJSFmwZ1uYFCDBwYf5S1Qymzzlc=,G3p9qFDHLVfu7PMO7ymASxQrTjE=
-9,-10,MJSFmwZ1uYFCDBwYf5S1Qymzzlc=,l0ibRZPyCpyHnwn0pQ8Q9v86rUg=
-11,-11,MJSFmwZ1uYFCDBwYf5S1Qymzzlc=,EVE9K9l63YpQVGE8hqtREezJgx4=
-14,-18,fZRfN3Y00VxBI8BJf0Cyprd4lWs=,e58wzkXx+uHn+LuNrbknxWR98TU=
-15,-18,fZRfN3Y00VxBI8BJf0Cyprd4lWs=,21c+ruNWA3fHCp8JgJKUe52/flg=
-15,-19,fZRfN3Y00VxBI8BJf0Cyprd4lWs=,A5XRRKqv1fjBrTBJ+JA6CfV6Ab0=
-14,-19,fZRfN3Y00VxBI8BJf0Cyprd4lWs=,TrUOj/Fpm6PpIfN70VpzaZvTwLU=
-13,-21,K3WE6a8WAnNxcposBKFNvqTQ0bU=,WovfR01vcvCP+9haL1G7utBoZ2k=
-12,-18,K3WE6a8WAnNxcposBKFNvqTQ0bU=,hUcl3NQuAJTgLpre1eFJo5cJH/I=
-13,-18,K3WE6a8WAnNxcposBKFNvqTQ0bU=,e58wzkXx+uHn+LuNrbknxWR98TU=
-12,-19,K3WE6a8WAnNxcposBKFNvqTQ0bU=,Q/5++sk3zRqhCI2HKRXN2tCxZHQ=
-13,-19,K3WE6a8WAnNxcposBKFNvqTQ0bU=,TrUOj/Fpm6PpIfN70VpzaZvTwLU=
-12,-21,K3WE6a8WAnNxcposBKFNvqTQ0bU=,1EQIX+sxmRdBud5SBokpv8gNuDA=
-13,-20,K3WE6a8WAnNxcposBKFNvqTQ0bU=,TrUOj/Fpm6PpIfN70VpzaZvTwLU=
-12,-20,K3WE6a8WAnNxcposBKFNvqTQ0bU=,Q/5++sk3zRqhCI2HKRXN2tCxZHQ=
-11,-21,K3WE6a8WAnNxcposBKFNvqTQ0bU=,1EQIX+sxmRdBud5SBokpv8gNuDA=
-10,-21,K3WE6a8WAnNxcposBKFNvqTQ0bU=,7JDdri2pzFIWCCVgRSTLHqooI+0=
-10,-20,z82R8mrqwZeupFzSzoLbsnltSvc=,zD0ORpzd0n10PWdouFFystws/cI=
-11,-20,K3WE6a8WAnNxcposBKFNvqTQ0bU=,Q/5++sk3zRqhCI2HKRXN2tCxZHQ=
-11,-19,z82R8mrqwZeupFzSzoLbsnltSvc=,Q/5++sk3zRqhCI2HKRXN2tCxZHQ=
-10,-19,z82R8mrqwZeupFzSzoLbsnltSvc=,zD0ORpzd0n10PWdouFFystws/cI=
-11,-18,z82R8mrqwZeupFzSzoLbsnltSvc=,hUcl3NQuAJTgLpre1eFJo5cJH/I=
-10,-18,z82R8mrqwZeupFzSzoLbsnltSvc=,7ane4drgAOJQ8h3CF8dRjI8gUVg=
-8,-20,K3WE6a8WAnNxcposBKFNvqTQ0bU=,I12G5t+6hCCN3dMgg19dwhtBcGU=
-9,-21,K3WE6a8WAnNxcposBKFNvqTQ0bU=,7JDdri2pzFIWCCVgRSTLHqooI+0=
-9,-20,K3WE6a8WAnNxcposBKFNvqTQ0bU=,zD0ORpzd0n10PWdouFFystws/cI=
-8,-21,K3WE6a8WAnNxcposBKFNvqTQ0bU=,jQ3fV7J2FxtR4lPHjIjNFo0o1ag=
-9,-19,z82R8mrqwZeupFzSzoLbsnltSvc=,zD0ORpzd0n10PWdouFFystws/cI=
-9,-18,z82R8mrqwZeupFzSzoLbsnltSvc=,7ane4drgAOJQ8h3CF8dRjI8gUVg=
-8,-19,z82R8mrqwZeupFzSzoLbsnltSvc=,I12G5t+6hCCN3dMgg19dwhtBcGU=
-8,-18,z82R8mrqwZeupFzSzoLbsnltSvc=,AP0baE+WjgOM1jkwbwFISvFNNlA=
-7,-23,K3WE6a8WAnNxcposBKFNvqTQ0bU=,aFVq+RI0KlCxdDd/M35qPJcaaQU=
-7,-22,K3WE6a8WAnNxcposBKFNvqTQ0bU=,jQ3fV7J2FxtR4lPHjIjNFo0o1ag=
-6,-22,K3WE6a8WAnNxcposBKFNvqTQ0bU=,kFOUJfT2hBqgJNvwmnjnaS7GnfM=
-6,-23,K3WE6a8WAnNxcposBKFNvqTQ0bU=,G5vqWhKP4yEtFjyg/PlQwe41P3U=
-4,-23,K3WE6a8WAnNxcposBKFNvqTQ0bU=,2TgsNgpfVZ1QGrlH0FZxO/kA58c=
-4,-22,K3WE6a8WAnNxcposBKFNvqTQ0bU=,Efq29aCL5T31eSdT8mLREJABHNs=
-5,-23,K3WE6a8WAnNxcposBKFNvqTQ0bU=,G5vqWhKP4yEtFjyg/PlQwe41P3U=
-5,-22,K3WE6a8WAnNxcposBKFNvqTQ0bU=,kFOUJfT2hBqgJNvwmnjnaS7GnfM=
-6,-20,K3WE6a8WAnNxcposBKFNvqTQ0bU=,kM+b7unOGq32c0xYFZ5993UbbHw=
-6,-21,K3WE6a8WAnNxcposBKFNvqTQ0bU=,kFOUJfT2hBqgJNvwmnjnaS7GnfM=
-7,-20,K3WE6a8WAnNxcposBKFNvqTQ0bU=,I12G5t+6hCCN3dMgg19dwhtBcGU=
-7,-21,K3WE6a8WAnNxcposBKFNvqTQ0bU=,jQ3fV7J2FxtR4lPHjIjNFo0o1ag=
-5,-20,K3WE6a8WAnNxcposBKFNvqTQ0bU=,kM+b7unOGq32c0xYFZ5993UbbHw=
-4,-20,K3WE6a8WAnNxcposBKFNvqTQ0bU=,bBXPELqDmOzTtdlqM4N/RDeShmY=
-4,-21,K3WE6a8WAnNxcposBKFNvqTQ0bU=,Efq29aCL5T31eSdT8mLREJABHNs=
-5,-21,K3WE6a8WAnNxcposBKFNvqTQ0bU=,kFOUJfT2hBqgJNvwmnjnaS7GnfM=
-5,-18,z82R8mrqwZeupFzSzoLbsnltSvc=,ZHc9oNlbqEkgTTQRbt1UAcTnlIE=
-4,-18,z82R8mrqwZeupFzSzoLbsnltSvc=,l0L1QP8gzU0uhHzTeZW07SVR4Lo=
-6,-18,z82R8mrqwZeupFzSzoLbsnltSvc=,ZHc9oNlbqEkgTTQRbt1UAcTnlIE=
-5,-19,z82R8mrqwZeupFzSzoLbsnltSvc=,kM+b7unOGq32c0xYFZ5993UbbHw=
-4,-19,z82R8mrqwZeupFzSzoLbsnltSvc=,bBXPELqDmOzTtdlqM4N/RDeShmY=
-6,-19,z82R8mrqwZeupFzSzoLbsnltSvc=,kM+b7unOGq32c0xYFZ5993UbbHw=
-7,-19,z82R8mrqwZeupFzSzoLbsnltSvc=,I12G5t+6hCCN3dMgg19dwhtBcGU=
-7,-18,z82R8mrqwZeupFzSzoLbsnltSvc=,AP0baE+WjgOM1jkwbwFISvFNNlA=
-2,-18,z82R8mrqwZeupFzSzoLbsnltSvc=,9gro4H7+GFYHJXQvkRaC97zZz/M=
-3,-18,z82R8mrqwZeupFzSzoLbsnltSvc=,l0L1QP8gzU0uhHzTeZW07SVR4Lo=
-3,-19,z82R8mrqwZeupFzSzoLbsnltSvc=,bBXPELqDmOzTtdlqM4N/RDeShmY=
-2,-19,z82R8mrqwZeupFzSzoLbsnltSvc=,B9M7pVc4vsFpisKRkpeQu2umYb0=
-3,-20,z82R8mrqwZeupFzSzoLbsnltSvc=,bBXPELqDmOzTtdlqM4N/RDeShmY=
-2,-20,z82R8mrqwZeupFzSzoLbsnltSvc=,B9M7pVc4vsFpisKRkpeQu2umYb0=
-2,-21,z82R8mrqwZeupFzSzoLbsnltSvc=,Fyh44gRNjnQeMSWNkz5xHzXlqcg=
-3,-21,z82R8mrqwZeupFzSzoLbsnltSvc=,Efq29aCL5T31eSdT8mLREJABHNs=
-3,-25,K3WE6a8WAnNxcposBKFNvqTQ0bU=,fcg4v+nMQm9qm99r1ZwXb8z4QnY=
-2,-22,K3WE6a8WAnNxcposBKFNvqTQ0bU=,Fyh44gRNjnQeMSWNkz5xHzXlqcg=
-3,-23,K3WE6a8WAnNxcposBKFNvqTQ0bU=,2TgsNgpfVZ1QGrlH0FZxO/kA58c=
-3,-22,K3WE6a8WAnNxcposBKFNvqTQ0bU=,Efq29aCL5T31eSdT8mLREJABHNs=
-3,-24,K3WE6a8WAnNxcposBKFNvqTQ0bU=,2TgsNgpfVZ1QGrlH0FZxO/kA58c=
-2,-24,K3WE6a8WAnNxcposBKFNvqTQ0bU=,pQB3i4kqT/58gcVx59SSHLa95bY=
-2,-23,K3WE6a8WAnNxcposBKFNvqTQ0bU=,pQB3i4kqT/58gcVx59SSHLa95bY=
-2,-25,K3WE6a8WAnNxcposBKFNvqTQ0bU=,68KKj7YsKGJG8niGlRe2r9FoFRg=
-3,-27,K3WE6a8WAnNxcposBKFNvqTQ0bU=,16U/8TrhlAAzIRX5FTIz95Gp5+I=
-3,-26,K3WE6a8WAnNxcposBKFNvqTQ0bU=,fcg4v+nMQm9qm99r1ZwXb8z4QnY=
-2,-26,K3WE6a8WAnNxcposBKFNvqTQ0bU=,68KKj7YsKGJG8niGlRe2r9FoFRg=
-2,-27,K3WE6a8WAnNxcposBKFNvqTQ0bU=,dxpI/YptHOv7TF9NcUQ77yNoSis=
-3,-28,K3WE6a8WAnNxcposBKFNvqTQ0bU=,16U/8TrhlAAzIRX5FTIz95Gp5+I=
-2,-28,K3WE6a8WAnNxcposBKFNvqTQ0bU=,dxpI/YptHOv7TF9NcUQ77yNoSis=
-2,-29,K3WE6a8WAnNxcposBKFNvqTQ0bU=,RGSJMHwAYNNp3Y8JP6/8v2aCf28=
-3,-29,K3WE6a8WAnNxcposBKFNvqTQ0bU=,EOnTVAec9U0ai9P5zkAHShhxTHU=
-5,-28,K3WE6a8WAnNxcposBKFNvqTQ0bU=,p9fuXDO5ngLzyq7F7zu/Ckd0T8k=
-4,-28,K3WE6a8WAnNxcposBKFNvqTQ0bU=,16U/8TrhlAAzIRX5FTIz95Gp5+I=
-5,-29,K3WE6a8WAnNxcposBKFNvqTQ0bU=,55tgwdCCN4VENaX+oaKEXfvYui4=
-4,-29,K3WE6a8WAnNxcposBKFNvqTQ0bU=,EOnTVAec9U0ai9P5zkAHShhxTHU=
-4,-25,z82R8mrqwZeupFzSzoLbsnltSvc=,fcg4v+nMQm9qm99r1ZwXb8z4QnY=
-4,-24,z82R8mrqwZeupFzSzoLbsnltSvc=,2TgsNgpfVZ1QGrlH0FZxO/kA58c=
-4,-27,z82R8mrqwZeupFzSzoLbsnltSvc=,16U/8TrhlAAzIRX5FTIz95Gp5+I=
-5,-26,z82R8mrqwZeupFzSzoLbsnltSvc=,4SE8xXT1GtFqmvXD4TW4gqHKzwQ=
-5,-27,z82R8mrqwZeupFzSzoLbsnltSvc=,p9fuXDO5ngLzyq7F7zu/Ckd0T8k=
-4,-26,z82R8mrqwZeupFzSzoLbsnltSvc=,fcg4v+nMQm9qm99r1ZwXb8z4QnY=
-5,-25,z82R8mrqwZeupFzSzoLbsnltSvc=,4SE8xXT1GtFqmvXD4TW4gqHKzwQ=
-5,-24,z82R8mrqwZeupFzSzoLbsnltSvc=,G5vqWhKP4yEtFjyg/PlQwe41P3U=
-7,-27,z82R8mrqwZeupFzSzoLbsnltSvc=,rfy3uWR3Z/WQvOD/18hgYXsiOGc=
-7,-24,z82R8mrqwZeupFzSzoLbsnltSvc=,aFVq+RI0KlCxdDd/M35qPJcaaQU=
-7,-26,z82R8mrqwZeupFzSzoLbsnltSvc=,8bL9Y5JpdfhC7qnhx2SfcqmAk4s=
-6,-25,z82R8mrqwZeupFzSzoLbsnltSvc=,4SE8xXT1GtFqmvXD4TW4gqHKzwQ=
-7,-25,z82R8mrqwZeupFzSzoLbsnltSvc=,8bL9Y5JpdfhC7qnhx2SfcqmAk4s=
-6,-24,z82R8mrqwZeupFzSzoLbsnltSvc=,G5vqWhKP4yEtFjyg/PlQwe41P3U=
-6,-27,z82R8mrqwZeupFzSzoLbsnltSvc=,p9fuXDO5ngLzyq7F7zu/Ckd0T8k=
-6,-26,z82R8mrqwZeupFzSzoLbsnltSvc=,4SE8xXT1GtFqmvXD4TW4gqHKzwQ=
-9,-26,K3WE6a8WAnNxcposBKFNvqTQ0bU=,jDu90wxiv1nfggjO8tll8ZsR2e4=
-8,-26,K3WE6a8WAnNxcposBKFNvqTQ0bU=,8bL9Y5JpdfhC7qnhx2SfcqmAk4s=
-9,-27,K3WE6a8WAnNxcposBKFNvqTQ0bU=,TbXPL4Aj6xtETa6EJ3NnBcnXPS8=
-8,-27,K3WE6a8WAnNxcposBKFNvqTQ0bU=,rfy3uWR3Z/WQvOD/18hgYXsiOGc=
-10,-26,8QqhA6p1/sKrqVrw+6ME86kKotw=,jDu90wxiv1nfggjO8tll8ZsR2e4=
-11,-26,8QqhA6p1/sKrqVrw+6ME86kKotw=,SpgONeUPhXe6IRmer0U2ub0mRAE=
-11,-27,8QqhA6p1/sKrqVrw+6ME86kKotw=,U7+uzzeUQq+cXov52jVsMhbjTN8=
-10,-27,8QqhA6p1/sKrqVrw+6ME86kKotw=,TbXPL4Aj6xtETa6EJ3NnBcnXPS8=
-13,-26,8QqhA6p1/sKrqVrw+6ME86kKotw=,qvIFH2SeL2PoWERkwb+XOBjHGoI=
-12,-27,8QqhA6p1/sKrqVrw+6ME86kKotw=,U7+uzzeUQq+cXov52jVsMhbjTN8=
-13,-27,8QqhA6p1/sKrqVrw+6ME86kKotw=,JARQz3TTzJS46XRAD8bDzpxAVKc=
-12,-26,8QqhA6p1/sKrqVrw+6ME86kKotw=,SpgONeUPhXe6IRmer0U2ub0mRAE=
-14,-27,8QqhA6p1/sKrqVrw+6ME86kKotw=,JARQz3TTzJS46XRAD8bDzpxAVKc=
-15,-26,8QqhA6p1/sKrqVrw+6ME86kKotw=,Iyf4u7Zjx1zbGc9T3b5N/eWJ52s=
-14,-26,8QqhA6p1/sKrqVrw+6ME86kKotw=,qvIFH2SeL2PoWERkwb+XOBjHGoI=
-15,-27,8QqhA6p1/sKrqVrw+6ME86kKotw=,MoIHLAVas7f5R1oPQQPKuCk68Vo=
-14,-24,8QqhA6p1/sKrqVrw+6ME86kKotw=,ZR7eiwh4vDwNPP21bz2oEVdo12A=
-15,-24,8QqhA6p1/sKrqVrw+6ME86kKotw=,I5xpuIciJmsubXOLakrvfYlz5NM=
-15,-25,8QqhA6p1/sKrqVrw+6ME86kKotw=,Iyf4u7Zjx1zbGc9T3b5N/eWJ52s=
-14,-25,8QqhA6p1/sKrqVrw+6ME86kKotw=,qvIFH2SeL2PoWERkwb+XOBjHGoI=
-12,-22,fZRfN3Y00VxBI8BJf0Cyprd4lWs=,1EQIX+sxmRdBud5SBokpv8gNuDA=
-13,-22,fZRfN3Y00VxBI8BJf0Cyprd4lWs=,WovfR01vcvCP+9haL1G7utBoZ2k=
-12,-24,fZRfN3Y00VxBI8BJf0Cyprd4lWs=,W2OBznIVF5wNk640v6ColFsMOuw=
-12,-23,fZRfN3Y00VxBI8BJf0Cyprd4lWs=,W2OBznIVF5wNk640v6ColFsMOuw=
-13,-23,fZRfN3Y00VxBI8BJf0Cyprd4lWs=,ZR7eiwh4vDwNPP21bz2oEVdo12A=
-13,-24,fZRfN3Y00VxBI8BJf0Cyprd4lWs=,ZR7eiwh4vDwNPP21bz2oEVdo12A=
-12,-25,fZRfN3Y00VxBI8BJf0Cyprd4lWs=,SpgONeUPhXe6IRmer0U2ub0mRAE=
-13,-25,fZRfN3Y00VxBI8BJf0Cyprd4lWs=,qvIFH2SeL2PoWERkwb+XOBjHGoI=
-16,-19,8QqhA6p1/sKrqVrw+6ME86kKotw=,A5XRRKqv1fjBrTBJ+JA6CfV6Ab0=
-16,-18,8QqhA6p1/sKrqVrw+6ME86kKotw=,21c+ruNWA3fHCp8JgJKUe52/flg=
-14,-17,z82R8mrqwZeupFzSzoLbsnltSvc=,e58wzkXx+uHn+LuNrbknxWR98TU=
-15,-17,z82R8mrqwZeupFzSzoLbsnltSvc=,21c+ruNWA3fHCp8JgJKUe52/flg=
-13,-17,z82R8mrqwZeupFzSzoLbsnltSvc=,e58wzkXx+uHn+LuNrbknxWR98TU=
-12,-17,z82R8mrqwZeupFzSzoLbsnltSvc=,hUcl3NQuAJTgLpre1eFJo5cJH/I=
-11,-17,z82R8mrqwZeupFzSzoLbsnltSvc=,hUcl3NQuAJTgLpre1eFJo5cJH/I=
-10,-17,z82R8mrqwZeupFzSzoLbsnltSvc=,7ane4drgAOJQ8h3CF8dRjI8gUVg=
-9,-17,z82R8mrqwZeupFzSzoLbsnltSvc=,7ane4drgAOJQ8h3CF8dRjI8gUVg=
-6,-17,z82R8mrqwZeupFzSzoLbsnltSvc=,ZHc9oNlbqEkgTTQRbt1UAcTnlIE=
-7,-17,z82R8mrqwZeupFzSzoLbsnltSvc=,AP0baE+WjgOM1jkwbwFISvFNNlA=
-8,-17,z82R8mrqwZeupFzSzoLbsnltSvc=,AP0baE+WjgOM1jkwbwFISvFNNlA=
-4,-17,z82R8mrqwZeupFzSzoLbsnltSvc=,l0L1QP8gzU0uhHzTeZW07SVR4Lo=
-5,-17,z82R8mrqwZeupFzSzoLbsnltSvc=,ZHc9oNlbqEkgTTQRbt1UAcTnlIE=
-3,-17,z82R8mrqwZeupFzSzoLbsnltSvc=,l0L1QP8gzU0uhHzTeZW07SVR4Lo=
-2,-17,z82R8mrqwZeupFzSzoLbsnltSvc=,9gro4H7+GFYHJXQvkRaC97zZz/M=
-1,-18,z82R8mrqwZeupFzSzoLbsnltSvc=,9gro4H7+GFYHJXQvkRaC97zZz/M=
-1,-19,z82R8mrqwZeupFzSzoLbsnltSvc=,B9M7pVc4vsFpisKRkpeQu2umYb0=
-1,-21,z82R8mrqwZeupFzSzoLbsnltSvc=,Fyh44gRNjnQeMSWNkz5xHzXlqcg=
-1,-20,z82R8mrqwZeupFzSzoLbsnltSvc=,B9M7pVc4vsFpisKRkpeQu2umYb0=
-1,-22,z82R8mrqwZeupFzSzoLbsnltSvc=,Fyh44gRNjnQeMSWNkz5xHzXlqcg=
-1,-23,z82R8mrqwZeupFzSzoLbsnltSvc=,pQB3i4kqT/58gcVx59SSHLa95bY=
-1,-25,z82R8mrqwZeupFzSzoLbsnltSvc=,68KKj7YsKGJG8niGlRe2r9FoFRg=
-1,-26,z82R8mrqwZeupFzSzoLbsnltSvc=,68KKj7YsKGJG8niGlRe2r9FoFRg=
-1,-27,z82R8mrqwZeupFzSzoLbsnltSvc=,dxpI/YptHOv7TF9NcUQ77yNoSis=
-1,-24,z82R8mrqwZeupFzSzoLbsnltSvc=,pQB3i4kqT/58gcVx59SSHLa95bY=
-1,-28,z82R8mrqwZeupFzSzoLbsnltSvc=,dxpI/YptHOv7TF9NcUQ77yNoSis=
-1,-30,z82R8mrqwZeupFzSzoLbsnltSvc=,RGSJMHwAYNNp3Y8JP6/8v2aCf28=
-1,-29,z82R8mrqwZeupFzSzoLbsnltSvc=,RGSJMHwAYNNp3Y8JP6/8v2aCf28=
-16,-26,8QqhA6p1/sKrqVrw+6ME86kKotw=,Iyf4u7Zjx1zbGc9T3b5N/eWJ52s=
-16,-27,8QqhA6p1/sKrqVrw+6ME86kKotw=,MoIHLAVas7f5R1oPQQPKuCk68Vo=
-16,-25,8QqhA6p1/sKrqVrw+6ME86kKotw=,Iyf4u7Zjx1zbGc9T3b5N/eWJ52s=
-16,-24,8QqhA6p1/sKrqVrw+6ME86kKotw=,I5xpuIciJmsubXOLakrvfYlz5NM=
-14,-21,fZRfN3Y00VxBI8BJf0Cyprd4lWs=,WovfR01vcvCP+9haL1G7utBoZ2k=
-14,-22,fZRfN3Y00VxBI8BJf0Cyprd4lWs=,WovfR01vcvCP+9haL1G7utBoZ2k=
-15,-22,fZRfN3Y00VxBI8BJf0Cyprd4lWs=,nJoHurauBlQ0qiS1lXdn/D5ZcqE=
-15,-23,fZRfN3Y00VxBI8BJf0Cyprd4lWs=,I5xpuIciJmsubXOLakrvfYlz5NM=
-16,-21,8QqhA6p1/sKrqVrw+6ME86kKotw=,nJoHurauBlQ0qiS1lXdn/D5ZcqE=
-16,-23,8QqhA6p1/sKrqVrw+6ME86kKotw=,I5xpuIciJmsubXOLakrvfYlz5NM=
-16,-22,8QqhA6p1/sKrqVrw+6ME86kKotw=,nJoHurauBlQ0qiS1lXdn/D5ZcqE=
-15,-20,fZRfN3Y00VxBI8BJf0Cyprd4lWs=,A5XRRKqv1fjBrTBJ+JA6CfV6Ab0=
-14,-20,fZRfN3Y00VxBI8BJf0Cyprd4lWs=,TrUOj/Fpm6PpIfN70VpzaZvTwLU=
-15,-21,fZRfN3Y00VxBI8BJf0Cyprd4lWs=,nJoHurauBlQ0qiS1lXdn/D5ZcqE=
-14,-23,fZRfN3Y00VxBI8BJf0Cyprd4lWs=,ZR7eiwh4vDwNPP21bz2oEVdo12A=
-16,-20,8QqhA6p1/sKrqVrw+6ME86kKotw=,A5XRRKqv1fjBrTBJ+JA6CfV6Ab0=
-8,-24,fZRfN3Y00VxBI8BJf0Cyprd4lWs=,aFVq+RI0KlCxdDd/M35qPJcaaQU=
-11,-24,fZRfN3Y00VxBI8BJf0Cyprd4lWs=,W2OBznIVF5wNk640v6ColFsMOuw=
-9,-22,K3WE6a8WAnNxcposBKFNvqTQ0bU=,7JDdri2pzFIWCCVgRSTLHqooI+0=
-11,-23,fZRfN3Y00VxBI8BJf0Cyprd4lWs=,W2OBznIVF5wNk640v6ColFsMOuw=
-10,-23,fZRfN3Y00VxBI8BJf0Cyprd4lWs=,M8tduHFMmhJVKlpGZV274nQQmeg=
-11,-22,fZRfN3Y00VxBI8BJf0Cyprd4lWs=,1EQIX+sxmRdBud5SBokpv8gNuDA=
-8,-22,K3WE6a8WAnNxcposBKFNvqTQ0bU=,jQ3fV7J2FxtR4lPHjIjNFo0o1ag=
-8,-25,fZRfN3Y00VxBI8BJf0Cyprd4lWs=,8bL9Y5JpdfhC7qnhx2SfcqmAk4s=
-10,-22,fZRfN3Y00VxBI8BJf0Cyprd4lWs=,7JDdri2pzFIWCCVgRSTLHqooI+0=
-8,-23,K3WE6a8WAnNxcposBKFNvqTQ0bU=,aFVq+RI0KlCxdDd/M35qPJcaaQU=
-10,-25,fZRfN3Y00VxBI8BJf0Cyprd4lWs=,jDu90wxiv1nfggjO8tll8ZsR2e4=
-9,-25,fZRfN3Y00VxBI8BJf0Cyprd4lWs=,jDu90wxiv1nfggjO8tll8ZsR2e4=
-9,-23,K3WE6a8WAnNxcposBKFNvqTQ0bU=,M8tduHFMmhJVKlpGZV274nQQmeg=
-11,-25,fZRfN3Y00VxBI8BJf0Cyprd4lWs=,SpgONeUPhXe6IRmer0U2ub0mRAE=
-9,-24,fZRfN3Y00VxBI8BJf0Cyprd4lWs=,M8tduHFMmhJVKlpGZV274nQQmeg=
-10,-24,fZRfN3Y00VxBI8BJf0Cyprd4lWs=,M8tduHFMmhJVKlpGZV274nQQmeg=
-13,-29,8QqhA6p1/sKrqVrw+6ME86kKotw=,KZpRfmgWPPx9ptocOxjnQgMKCiI=
-12,-28,8QqhA6p1/sKrqVrw+6ME86kKotw=,U7+uzzeUQq+cXov52jVsMhbjTN8=
-12,-29,8QqhA6p1/sKrqVrw+6ME86kKotw=,77emmZUrBm2KWwmZHiv6SJT/2qQ=
-13,-28,8QqhA6p1/sKrqVrw+6ME86kKotw=,JARQz3TTzJS46XRAD8bDzpxAVKc=
-13,-30,8QqhA6p1/sKrqVrw+6ME86kKotw=,KZpRfmgWPPx9ptocOxjnQgMKCiI=
-12,-30,8QqhA6p1/sKrqVrw+6ME86kKotw=,77emmZUrBm2KWwmZHiv6SJT/2qQ=
-3,-30,z82R8mrqwZeupFzSzoLbsnltSvc=,EOnTVAec9U0ai9P5zkAHShhxTHU=
-4,-30,z82R8mrqwZeupFzSzoLbsnltSvc=,EOnTVAec9U0ai9P5zkAHShhxTHU=
-5,-30,z82R8mrqwZeupFzSzoLbsnltSvc=,55tgwdCCN4VENaX+oaKEXfvYui4=
-16,-17,z82R8mrqwZeupFzSzoLbsnltSvc=,21c+ruNWA3fHCp8JgJKUe52/flg=
-1,-17,z82R8mrqwZeupFzSzoLbsnltSvc=,9gro4H7+GFYHJXQvkRaC97zZz/M=
-15,-29,8QqhA6p1/sKrqVrw+6ME86kKotw=,XCC6lIcZGCMyp74Fr6dscaMD6oE=
-16,-29,8QqhA6p1/sKrqVrw+6ME86kKotw=,XCC6lIcZGCMyp74Fr6dscaMD6oE=
-16,-28,8QqhA6p1/sKrqVrw+6ME86kKotw=,MoIHLAVas7f5R1oPQQPKuCk68Vo=
-2,-30,z82R8mrqwZeupFzSzoLbsnltSvc=,RGSJMHwAYNNp3Y8JP6/8v2aCf28=
-14,-29,8QqhA6p1/sKrqVrw+6ME86kKotw=,KZpRfmgWPPx9ptocOxjnQgMKCiI=
-14,-30,8QqhA6p1/sKrqVrw+6ME86kKotw=,KZpRfmgWPPx9ptocOxjnQgMKCiI=
-14,-28,8QqhA6p1/sKrqVrw+6ME86kKotw=,JARQz3TTzJS46XRAD8bDzpxAVKc=
-15,-28,8QqhA6p1/sKrqVrw+6ME86kKotw=,MoIHLAVas7f5R1oPQQPKuCk68Vo=
-15,-30,8QqhA6p1/sKrqVrw+6ME86kKotw=,XCC6lIcZGCMyp74Fr6dscaMD6oE=
-16,-30,8QqhA6p1/sKrqVrw+6ME86kKotw=,XCC6lIcZGCMyp74Fr6dscaMD6oE=
-10,-29,K3WE6a8WAnNxcposBKFNvqTQ0bU=,tCqhHQe/WJ3ogmuCuETAjLWB4GU=
-10,-30,z82R8mrqwZeupFzSzoLbsnltSvc=,tCqhHQe/WJ3ogmuCuETAjLWB4GU=
-11,-29,K3WE6a8WAnNxcposBKFNvqTQ0bU=,77emmZUrBm2KWwmZHiv6SJT/2qQ=
-10,-28,K3WE6a8WAnNxcposBKFNvqTQ0bU=,TbXPL4Aj6xtETa6EJ3NnBcnXPS8=
-11,-28,K3WE6a8WAnNxcposBKFNvqTQ0bU=,U7+uzzeUQq+cXov52jVsMhbjTN8=
-8,-30,z82R8mrqwZeupFzSzoLbsnltSvc=,NKKWT69u481JSCfXBWE3L2AvM4M=
-11,-30,z82R8mrqwZeupFzSzoLbsnltSvc=,77emmZUrBm2KWwmZHiv6SJT/2qQ=
-7,-28,K3WE6a8WAnNxcposBKFNvqTQ0bU=,rfy3uWR3Z/WQvOD/18hgYXsiOGc=
-9,-29,K3WE6a8WAnNxcposBKFNvqTQ0bU=,tCqhHQe/WJ3ogmuCuETAjLWB4GU=
-9,-28,K3WE6a8WAnNxcposBKFNvqTQ0bU=,TbXPL4Aj6xtETa6EJ3NnBcnXPS8=
-9,-30,z82R8mrqwZeupFzSzoLbsnltSvc=,tCqhHQe/WJ3ogmuCuETAjLWB4GU=
-8,-28,K3WE6a8WAnNxcposBKFNvqTQ0bU=,rfy3uWR3Z/WQvOD/18hgYXsiOGc=
-6,-30,z82R8mrqwZeupFzSzoLbsnltSvc=,55tgwdCCN4VENaX+oaKEXfvYui4=
-6,-28,K3WE6a8WAnNxcposBKFNvqTQ0bU=,p9fuXDO5ngLzyq7F7zu/Ckd0T8k=
-7,-30,z82R8mrqwZeupFzSzoLbsnltSvc=,NKKWT69u481JSCfXBWE3L2AvM4M=
-6,-29,K3WE6a8WAnNxcposBKFNvqTQ0bU=,55tgwdCCN4VENaX+oaKEXfvYui4=
-7,-29,K3WE6a8WAnNxcposBKFNvqTQ0bU=,NKKWT69u481JSCfXBWE3L2AvM4M=
-8,-29,K3WE6a8WAnNxcposBKFNvqTQ0bU=,NKKWT69u481JSCfXBWE3L2AvM4M=
-19,-29,BS2ORcEuGl9mQXuEtaVIp1AW8QY=,dsjDhj4PNllxQ1JJ8ZkUnK6m0QU=
-18,-28,BS2ORcEuGl9mQXuEtaVIp1AW8QY=,ez/iiBMcMWrlRuAXuAYJ6jKLcoQ=
-18,-29,BS2ORcEuGl9mQXuEtaVIp1AW8QY=,g2O8FKC+SbV2T3IB9+JzwPMowTM=
-19,-28,BS2ORcEuGl9mQXuEtaVIp1AW8QY=,eXJMBTh3uO2xcs34FhYdqFiGFgc=
-20,-28,BS2ORcEuGl9mQXuEtaVIp1AW8QY=,eXJMBTh3uO2xcs34FhYdqFiGFgc=
-20,-29,BS2ORcEuGl9mQXuEtaVIp1AW8QY=,dsjDhj4PNllxQ1JJ8ZkUnK6m0QU=
-21,-29,BS2ORcEuGl9mQXuEtaVIp1AW8QY=,FQ0xN6lqmxChVbxd3A/5hFYKxi4=
-21,-28,BS2ORcEuGl9mQXuEtaVIp1AW8QY=,78xLNdJrNZeQvteXSwJaWsPlG0w=
-22,-27,4rn9qx2Wei5NLgMJ+HS0+JT2Bmo=,78xLNdJrNZeQvteXSwJaWsPlG0w=
-22,-26,4rn9qx2Wei5NLgMJ+HS0+JT2Bmo=,bR9K9xMq9W+eNsVuZ3ebJXi7Drw=
-23,-27,4rn9qx2Wei5NLgMJ+HS0+JT2Bmo=,rJB+qfD9RZymEd17W9N+ryq/tbQ=
-23,-26,4rn9qx2Wei5NLgMJ+HS0+JT2Bmo=,hxeAb2uon8rOUTZ+LBBV4zWo1ig=
-22,-29,4rn9qx2Wei5NLgMJ+HS0+JT2Bmo=,FQ0xN6lqmxChVbxd3A/5hFYKxi4=
-23,-29,4rn9qx2Wei5NLgMJ+HS0+JT2Bmo=,yYu1m3Td57O8GymCJKg+LtuXItk=
-23,-28,4rn9qx2Wei5NLgMJ+HS0+JT2Bmo=,rJB+qfD9RZymEd17W9N+ryq/tbQ=
-22,-28,4rn9qx2Wei5NLgMJ+HS0+JT2Bmo=,78xLNdJrNZeQvteXSwJaWsPlG0w=
-25,-27,4rn9qx2Wei5NLgMJ+HS0+JT2Bmo=,tSldIu9oy7MNQSNp8+faUvKBWbc=
-25,-26,4rn9qx2Wei5NLgMJ+HS0+JT2Bmo=,avN9Thaq66zhVPgeVA2hceWqpNk=
-24,-27,BS2ORcEuGl9mQXuEtaVIp1AW8QY=,rJB+qfD9RZymEd17W9N+ryq/tbQ=
-24,-26,BS2ORcEuGl9mQXuEtaVIp1AW8QY=,hxeAb2uon8rOUTZ+LBBV4zWo1ig=
-25,-25,BS2ORcEuGl9mQXuEtaVIp1AW8QY=,avN9Thaq66zhVPgeVA2hceWqpNk=
-24,-25,BS2ORcEuGl9mQXuEtaVIp1AW8QY=,hxeAb2uon8rOUTZ+LBBV4zWo1ig=
-24,-24,BS2ORcEuGl9mQXuEtaVIp1AW8QY=,/Xz5zGXkzS1TLfzPjuPC8drzsuk=
-25,-24,BS2ORcEuGl9mQXuEtaVIp1AW8QY=,VEReHir9ccEoRw45J+6jm+BGcpM=
-24,-22,4rn9qx2Wei5NLgMJ+HS0+JT2Bmo=,vw7oM1xXTvISDYkSb3UVLToT/H0=
-25,-22,4rn9qx2Wei5NLgMJ+HS0+JT2Bmo=,NVMw/1RHjcMqOGDgYLkIzmc2HNg=
-25,-23,BS2ORcEuGl9mQXuEtaVIp1AW8QY=,VEReHir9ccEoRw45J+6jm+BGcpM=
-24,-23,BS2ORcEuGl9mQXuEtaVIp1AW8QY=,/Xz5zGXkzS1TLfzPjuPC8drzsuk=
-24,-20,4rn9qx2Wei5NLgMJ+HS0+JT2Bmo=,UC/QXishzutY0GYmzPyF2jvDnVA=
-24,-21,4rn9qx2Wei5NLgMJ+HS0+JT2Bmo=,vw7oM1xXTvISDYkSb3UVLToT/H0=
-25,-20,4rn9qx2Wei5NLgMJ+HS0+JT2Bmo=,iG7f8VvUQ5liNd3uDFBOjQzKeIo=
-25,-21,4rn9qx2Wei5NLgMJ+HS0+JT2Bmo=,NVMw/1RHjcMqOGDgYLkIzmc2HNg=
-22,-21,4rn9qx2Wei5NLgMJ+HS0+JT2Bmo=,EoOP+BxbQltRrfCVn0GiPJQeOZA=
-23,-20,4rn9qx2Wei5NLgMJ+HS0+JT2Bmo=,UC/QXishzutY0GYmzPyF2jvDnVA=
-23,-21,4rn9qx2Wei5NLgMJ+HS0+JT2Bmo=,vw7oM1xXTvISDYkSb3UVLToT/H0=
-22,-20,4rn9qx2Wei5NLgMJ+HS0+JT2Bmo=,gTgk0dWB+tk6xKtDEU97I+adGQg=
-23,-18,BS2ORcEuGl9mQXuEtaVIp1AW8QY=,G0npDkEyMXMmAx3zIkAq/s0QMgo=
-23,-19,BS2ORcEuGl9mQXuEtaVIp1AW8QY=,UC/QXishzutY0GYmzPyF2jvDnVA=
-22,-19,BS2ORcEuGl9mQXuEtaVIp1AW8QY=,gTgk0dWB+tk6xKtDEU97I+adGQg=
-22,-18,BS2ORcEuGl9mQXuEtaVIp1AW8QY=,GQK3gjrGLyDSb8f3SLUeYnQ5gfE=
-20,-21,4rn9qx2Wei5NLgMJ+HS0+JT2Bmo=,yzyIae9qib4GHxJw6EJlT9sncMA=
-21,-20,4rn9qx2Wei5NLgMJ+HS0+JT2Bmo=,gTgk0dWB+tk6xKtDEU97I+adGQg=
-21,-21,4rn9qx2Wei5NLgMJ+HS0+JT2Bmo=,EoOP+BxbQltRrfCVn0GiPJQeOZA=
-20,-20,4rn9qx2Wei5NLgMJ+HS0+JT2Bmo=,4pcIJuS6+hPJlBwm0+72lnVxMiU=
-21,-19,BS2ORcEuGl9mQXuEtaVIp1AW8QY=,gTgk0dWB+tk6xKtDEU97I+adGQg=
-20,-18,BS2ORcEuGl9mQXuEtaVIp1AW8QY=,iHyVzTVnw6YxzYvl7pv4tSmJ9qk=
-21,-18,BS2ORcEuGl9mQXuEtaVIp1AW8QY=,GQK3gjrGLyDSb8f3SLUeYnQ5gfE=
-20,-19,BS2ORcEuGl9mQXuEtaVIp1AW8QY=,4pcIJuS6+hPJlBwm0+72lnVxMiU=
-19,-23,BS2ORcEuGl9mQXuEtaVIp1AW8QY=,kf60ATM8sI4N4B+chjGUDB+kJ1M=
-18,-22,BS2ORcEuGl9mQXuEtaVIp1AW8QY=,5rCk+ypZrmSAbts8Ek+6hz5S4lE=
-19,-22,BS2ORcEuGl9mQXuEtaVIp1AW8QY=,yzyIae9qib4GHxJw6EJlT9sncMA=
-18,-23,BS2ORcEuGl9mQXuEtaVIp1AW8QY=,niq2UoM4x2UsqyIHJfh0Kn+g9FE=
-18,-21,4rn9qx2Wei5NLgMJ+HS0+JT2Bmo=,5rCk+ypZrmSAbts8Ek+6hz5S4lE=
-19,-21,4rn9qx2Wei5NLgMJ+HS0+JT2Bmo=,yzyIae9qib4GHxJw6EJlT9sncMA=
-18,-20,4rn9qx2Wei5NLgMJ+HS0+JT2Bmo=,dLfIjb6IG0hq5WLBccHWGtrrW5o=
-19,-20,4rn9qx2Wei5NLgMJ+HS0+JT2Bmo=,4pcIJuS6+hPJlBwm0+72lnVxMiU=
-20,-26,4rn9qx2Wei5NLgMJ+HS0+JT2Bmo=,SvktttKmht57UVNnjfqhQHo0nfk=
-21,-27,4rn9qx2Wei5NLgMJ+HS0+JT2Bmo=,78xLNdJrNZeQvteXSwJaWsPlG0w=
-18,-26,BS2ORcEuGl9mQXuEtaVIp1AW8QY=,nvPE63w19Ia/UcZfkuBB8UOvKDA=
-21,-26,4rn9qx2Wei5NLgMJ+HS0+JT2Bmo=,bR9K9xMq9W+eNsVuZ3ebJXi7Drw=
-19,-27,BS2ORcEuGl9mQXuEtaVIp1AW8QY=,eXJMBTh3uO2xcs34FhYdqFiGFgc=
-20,-27,4rn9qx2Wei5NLgMJ+HS0+JT2Bmo=,eXJMBTh3uO2xcs34FhYdqFiGFgc=
-18,-27,BS2ORcEuGl9mQXuEtaVIp1AW8QY=,ez/iiBMcMWrlRuAXuAYJ6jKLcoQ=
-19,-25,BS2ORcEuGl9mQXuEtaVIp1AW8QY=,SvktttKmht57UVNnjfqhQHo0nfk=
-19,-26,BS2ORcEuGl9mQXuEtaVIp1AW8QY=,SvktttKmht57UVNnjfqhQHo0nfk=
-18,-25,BS2ORcEuGl9mQXuEtaVIp1AW8QY=,nvPE63w19Ia/UcZfkuBB8UOvKDA=
-18,-24,BS2ORcEuGl9mQXuEtaVIp1AW8QY=,niq2UoM4x2UsqyIHJfh0Kn+g9FE=
-19,-24,BS2ORcEuGl9mQXuEtaVIp1AW8QY=,kf60ATM8sI4N4B+chjGUDB+kJ1M=
-17,-21,BS2ORcEuGl9mQXuEtaVIp1AW8QY=,5rCk+ypZrmSAbts8Ek+6hz5S4lE=
-17,-20,BS2ORcEuGl9mQXuEtaVIp1AW8QY=,dLfIjb6IG0hq5WLBccHWGtrrW5o=
-21,-17,BS2ORcEuGl9mQXuEtaVIp1AW8QY=,GQK3gjrGLyDSb8f3SLUeYnQ5gfE=
-20,-17,BS2ORcEuGl9mQXuEtaVIp1AW8QY=,iHyVzTVnw6YxzYvl7pv4tSmJ9qk=
-23,-17,BS2ORcEuGl9mQXuEtaVIp1AW8QY=,G0npDkEyMXMmAx3zIkAq/s0QMgo=
-22,-17,BS2ORcEuGl9mQXuEtaVIp1AW8QY=,GQK3gjrGLyDSb8f3SLUeYnQ5gfE=
-18,-19,BS2ORcEuGl9mQXuEtaVIp1AW8QY=,dLfIjb6IG0hq5WLBccHWGtrrW5o=
-17,-19,BS2ORcEuGl9mQXuEtaVIp1AW8QY=,dLfIjb6IG0hq5WLBccHWGtrrW5o=
-17,-18,BS2ORcEuGl9mQXuEtaVIp1AW8QY=,uIOoaYp82nI9RPfsFlJ5m7iN18E=
-19,-18,BS2ORcEuGl9mQXuEtaVIp1AW8QY=,iHyVzTVnw6YxzYvl7pv4tSmJ9qk=
-19,-19,BS2ORcEuGl9mQXuEtaVIp1AW8QY=,4pcIJuS6+hPJlBwm0+72lnVxMiU=
-18,-18,BS2ORcEuGl9mQXuEtaVIp1AW8QY=,uIOoaYp82nI9RPfsFlJ5m7iN18E=
-18,-17,BS2ORcEuGl9mQXuEtaVIp1AW8QY=,uIOoaYp82nI9RPfsFlJ5m7iN18E=
-19,-17,BS2ORcEuGl9mQXuEtaVIp1AW8QY=,iHyVzTVnw6YxzYvl7pv4tSmJ9qk=
-20,-23,4rn9qx2Wei5NLgMJ+HS0+JT2Bmo=,kf60ATM8sI4N4B+chjGUDB+kJ1M=
-22,-22,4rn9qx2Wei5NLgMJ+HS0+JT2Bmo=,EoOP+BxbQltRrfCVn0GiPJQeOZA=
-21,-22,4rn9qx2Wei5NLgMJ+HS0+JT2Bmo=,EoOP+BxbQltRrfCVn0GiPJQeOZA=
-21,-23,4rn9qx2Wei5NLgMJ+HS0+JT2Bmo=,NrxPYqQUX3NZcCKFBwLsgttIeIo=
-23,-22,4rn9qx2Wei5NLgMJ+HS0+JT2Bmo=,vw7oM1xXTvISDYkSb3UVLToT/H0=
-20,-22,4rn9qx2Wei5NLgMJ+HS0+JT2Bmo=,yzyIae9qib4GHxJw6EJlT9sncMA=
-21,-24,4rn9qx2Wei5NLgMJ+HS0+JT2Bmo=,NrxPYqQUX3NZcCKFBwLsgttIeIo=
-23,-23,4rn9qx2Wei5NLgMJ+HS0+JT2Bmo=,/Xz5zGXkzS1TLfzPjuPC8drzsuk=
-23,-24,4rn9qx2Wei5NLgMJ+HS0+JT2Bmo=,/Xz5zGXkzS1TLfzPjuPC8drzsuk=
-20,-24,4rn9qx2Wei5NLgMJ+HS0+JT2Bmo=,kf60ATM8sI4N4B+chjGUDB+kJ1M=
-22,-24,4rn9qx2Wei5NLgMJ+HS0+JT2Bmo=,NrxPYqQUX3NZcCKFBwLsgttIeIo=
-22,-23,4rn9qx2Wei5NLgMJ+HS0+JT2Bmo=,NrxPYqQUX3NZcCKFBwLsgttIeIo=
-22,-25,4rn9qx2Wei5NLgMJ+HS0+JT2Bmo=,bR9K9xMq9W+eNsVuZ3ebJXi7Drw=
-20,-25,4rn9qx2Wei5NLgMJ+HS0+JT2Bmo=,SvktttKmht57UVNnjfqhQHo0nfk=
-21,-25,4rn9qx2Wei5NLgMJ+HS0+JT2Bmo=,bR9K9xMq9W+eNsVuZ3ebJXi7Drw=
-23,-25,4rn9qx2Wei5NLgMJ+HS0+JT2Bmo=,hxeAb2uon8rOUTZ+LBBV4zWo1ig=
-27,-20,4rn9qx2Wei5NLgMJ+HS0+JT2Bmo=,iiNmgfdbxzpIlz4esRP7wDSPUGg=
-27,-21,4rn9qx2Wei5NLgMJ+HS0+JT2Bmo=,zwIzW3By+wr8ieEqRnFnTXLsne8=
-26,-21,4rn9qx2Wei5NLgMJ+HS0+JT2Bmo=,NVMw/1RHjcMqOGDgYLkIzmc2HNg=
-26,-20,4rn9qx2Wei5NLgMJ+HS0+JT2Bmo=,iG7f8VvUQ5liNd3uDFBOjQzKeIo=
-27,-19,BS2ORcEuGl9mQXuEtaVIp1AW8QY=,iiNmgfdbxzpIlz4esRP7wDSPUGg=
-26,-18,BS2ORcEuGl9mQXuEtaVIp1AW8QY=,MGj1qgbbvd/rTU5xvYwc9mqIIME=
-26,-19,BS2ORcEuGl9mQXuEtaVIp1AW8QY=,iG7f8VvUQ5liNd3uDFBOjQzKeIo=
-24,-18,BS2ORcEuGl9mQXuEtaVIp1AW8QY=,G0npDkEyMXMmAx3zIkAq/s0QMgo=
-24,-19,BS2ORcEuGl9mQXuEtaVIp1AW8QY=,UC/QXishzutY0GYmzPyF2jvDnVA=
-25,-19,BS2ORcEuGl9mQXuEtaVIp1AW8QY=,iG7f8VvUQ5liNd3uDFBOjQzKeIo=
-25,-18,BS2ORcEuGl9mQXuEtaVIp1AW8QY=,MGj1qgbbvd/rTU5xvYwc9mqIIME=
-26,-22,4rn9qx2Wei5NLgMJ+HS0+JT2Bmo=,NVMw/1RHjcMqOGDgYLkIzmc2HNg=
-26,-23,4rn9qx2Wei5NLgMJ+HS0+JT2Bmo=,VEReHir9ccEoRw45J+6jm+BGcpM=
-27,-22,4rn9qx2Wei5NLgMJ+HS0+JT2Bmo=,zwIzW3By+wr8ieEqRnFnTXLsne8=
-27,-23,4rn9qx2Wei5NLgMJ+HS0+JT2Bmo=,OdLYYJ+D6TShOODkzLS62+5jHE8=
-27,-25,BS2ORcEuGl9mQXuEtaVIp1AW8QY=,1LpimDj1mSTzBRwJB1GIX2AwdAQ=
-26,-25,4rn9qx2Wei5NLgMJ+HS0+JT2Bmo=,avN9Thaq66zhVPgeVA2hceWqpNk=
-26,-24,BS2ORcEuGl9mQXuEtaVIp1AW8QY=,VEReHir9ccEoRw45J+6jm+BGcpM=
-27,-24,4rn9qx2Wei5NLgMJ+HS0+JT2Bmo=,OdLYYJ+D6TShOODkzLS62+5jHE8=
-28,-22,5oRViBmkQvdseRZQDDy8AMbSJgs=,zwIzW3By+wr8ieEqRnFnTXLsne8=
-28,-23,5oRViBmkQvdseRZQDDy8AMbSJgs=,OdLYYJ+D6TShOODkzLS62+5jHE8=
-29,-22,5oRViBmkQvdseRZQDDy8AMbSJgs=,QTmmG5V/FkdhRCB7oLHXdQ1d0yA=
-29,-23,5oRViBmkQvdseRZQDDy8AMbSJgs=,X7175IoCEIzZvNyK3riNsXWjrlg=
-27,-27,4rn9qx2Wei5NLgMJ+HS0+JT2Bmo=,Y+UehfNET68N/TceKGGoL05CmVQ=
-26,-27,BS2ORcEuGl9mQXuEtaVIp1AW8QY=,tSldIu9oy7MNQSNp8+faUvKBWbc=
-26,-26,4rn9qx2Wei5NLgMJ+HS0+JT2Bmo=,avN9Thaq66zhVPgeVA2hceWqpNk=
-27,-26,BS2ORcEuGl9mQXuEtaVIp1AW8QY=,1LpimDj1mSTzBRwJB1GIX2AwdAQ=
-29,-24,5oRViBmkQvdseRZQDDy8AMbSJgs=,X7175IoCEIzZvNyK3riNsXWjrlg=
-29,-25,5oRViBmkQvdseRZQDDy8AMbSJgs=,IRBWV//wDJ3gTiRF3xaXIMaiN2A=
-28,-25,5oRViBmkQvdseRZQDDy8AMbSJgs=,1LpimDj1mSTzBRwJB1GIX2AwdAQ=
-28,-24,5oRViBmkQvdseRZQDDy8AMbSJgs=,OdLYYJ+D6TShOODkzLS62+5jHE8=
-28,-27,5oRViBmkQvdseRZQDDy8AMbSJgs=,Y+UehfNET68N/TceKGGoL05CmVQ=
-29,-27,5oRViBmkQvdseRZQDDy8AMbSJgs=,UqaJ5q2J9wdNiT45UTnSQOlYoQo=
-29,-26,5oRViBmkQvdseRZQDDy8AMbSJgs=,IRBWV//wDJ3gTiRF3xaXIMaiN2A=
-28,-26,5oRViBmkQvdseRZQDDy8AMbSJgs=,1LpimDj1mSTzBRwJB1GIX2AwdAQ=
-23,-30,4rn9qx2Wei5NLgMJ+HS0+JT2Bmo=,yYu1m3Td57O8GymCJKg+LtuXItk=
-22,-30,4rn9qx2Wei5NLgMJ+HS0+JT2Bmo=,FQ0xN6lqmxChVbxd3A/5hFYKxi4=
-17,-29,BS2ORcEuGl9mQXuEtaVIp1AW8QY=,g2O8FKC+SbV2T3IB9+JzwPMowTM=
-17,-28,BS2ORcEuGl9mQXuEtaVIp1AW8QY=,ez/iiBMcMWrlRuAXuAYJ6jKLcoQ=
-17,-26,BS2ORcEuGl9mQXuEtaVIp1AW8QY=,nvPE63w19Ia/UcZfkuBB8UOvKDA=
-17,-27,BS2ORcEuGl9mQXuEtaVIp1AW8QY=,ez/iiBMcMWrlRuAXuAYJ6jKLcoQ=
-28,-28,5oRViBmkQvdseRZQDDy8AMbSJgs=,Y+UehfNET68N/TceKGGoL05CmVQ=
-28,-29,5oRViBmkQvdseRZQDDy8AMbSJgs=,kYBOPlurFQhnXiBtxabxOvR5vS4=
-29,-28,5oRViBmkQvdseRZQDDy8AMbSJgs=,UqaJ5q2J9wdNiT45UTnSQOlYoQo=
-30,-30,BS2ORcEuGl9mQXuEtaVIp1AW8QY=,teKnRXDC4PXDsiDW3BD6+YmfgPk=
-30,-29,5oRViBmkQvdseRZQDDy8AMbSJgs=,teKnRXDC4PXDsiDW3BD6+YmfgPk=
-29,-29,5oRViBmkQvdseRZQDDy8AMbSJgs=,teKnRXDC4PXDsiDW3BD6+YmfgPk=
-29,-30,5oRViBmkQvdseRZQDDy8AMbSJgs=,teKnRXDC4PXDsiDW3BD6+YmfgPk=
-30,-28,5oRViBmkQvdseRZQDDy8AMbSJgs=,UqaJ5q2J9wdNiT45UTnSQOlYoQo=
-28,-30,5oRViBmkQvdseRZQDDy8AMbSJgs=,kYBOPlurFQhnXiBtxabxOvR5vS4=
-26,-17,BS2ORcEuGl9mQXuEtaVIp1AW8QY=,MGj1qgbbvd/rTU5xvYwc9mqIIME=
-25,-17,BS2ORcEuGl9mQXuEtaVIp1AW8QY=,MGj1qgbbvd/rTU5xvYwc9mqIIME=
-24,-17,BS2ORcEuGl9mQXuEtaVIp1AW8QY=,G0npDkEyMXMmAx3zIkAq/s0QMgo=
-17,-23,BS2ORcEuGl9mQXuEtaVIp1AW8QY=,niq2UoM4x2UsqyIHJfh0Kn+g9FE=
-17,-22,BS2ORcEuGl9mQXuEtaVIp1AW8QY=,5rCk+ypZrmSAbts8Ek+6hz5S4lE=
-30,-26,5oRViBmkQvdseRZQDDy8AMbSJgs=,IRBWV//wDJ3gTiRF3xaXIMaiN2A=
-30,-27,5oRViBmkQvdseRZQDDy8AMbSJgs=,UqaJ5q2J9wdNiT45UTnSQOlYoQo=
-19,-30,BS2ORcEuGl9mQXuEtaVIp1AW8QY=,dsjDhj4PNllxQ1JJ8ZkUnK6m0QU=
-30,-25,5oRViBmkQvdseRZQDDy8AMbSJgs=,IRBWV//wDJ3gTiRF3xaXIMaiN2A=
-17,-25,BS2ORcEuGl9mQXuEtaVIp1AW8QY=,nvPE63w19Ia/UcZfkuBB8UOvKDA=
-30,-23,5oRViBmkQvdseRZQDDy8AMbSJgs=,X7175IoCEIzZvNyK3riNsXWjrlg=
-30,-24,5oRViBmkQvdseRZQDDy8AMbSJgs=,X7175IoCEIzZvNyK3riNsXWjrlg=
-30,-22,5oRViBmkQvdseRZQDDy8AMbSJgs=,QTmmG5V/FkdhRCB7oLHXdQ1d0yA=
-20,-30,BS2ORcEuGl9mQXuEtaVIp1AW8QY=,dsjDhj4PNllxQ1JJ8ZkUnK6m0QU=
-18,-30,BS2ORcEuGl9mQXuEtaVIp1AW8QY=,g2O8FKC+SbV2T3IB9+JzwPMowTM=
-21,-30,BS2ORcEuGl9mQXuEtaVIp1AW8QY=,FQ0xN6lqmxChVbxd3A/5hFYKxi4=
-17,-24,BS2ORcEuGl9mQXuEtaVIp1AW8QY=,niq2UoM4x2UsqyIHJfh0Kn+g9FE=
-24,-29,4rn9qx2Wei5NLgMJ+HS0+JT2Bmo=,yYu1m3Td57O8GymCJKg+LtuXItk=
-25,-29,4rn9qx2Wei5NLgMJ+HS0+JT2Bmo=,vQHedL+8/nAgovFPVb2qcA+Nd5I=
-27,-29,4rn9qx2Wei5NLgMJ+HS0+JT2Bmo=,kYBOPlurFQhnXiBtxabxOvR5vS4=
-24,-28,4rn9qx2Wei5NLgMJ+HS0+JT2Bmo=,rJB+qfD9RZymEd17W9N+ryq/tbQ=
-27,-28,4rn9qx2Wei5NLgMJ+HS0+JT2Bmo=,Y+UehfNET68N/TceKGGoL05CmVQ=
-27,-30,5oRViBmkQvdseRZQDDy8AMbSJgs=,kYBOPlurFQhnXiBtxabxOvR5vS4=
-17,-17,BS2ORcEuGl9mQXuEtaVIp1AW8QY=,uIOoaYp82nI9RPfsFlJ5m7iN18E=
-26,-30,5oRViBmkQvdseRZQDDy8AMbSJgs=,vQHedL+8/nAgovFPVb2qcA+Nd5I=
-26,-28,4rn9qx2Wei5NLgMJ+HS0+JT2Bmo=,tSldIu9oy7MNQSNp8+faUvKBWbc=
-25,-30,5oRViBmkQvdseRZQDDy8AMbSJgs=,vQHedL+8/nAgovFPVb2qcA+Nd5I=
-25,-28,4rn9qx2Wei5NLgMJ+HS0+JT2Bmo=,tSldIu9oy7MNQSNp8+faUvKBWbc=
-17,-30,BS2ORcEuGl9mQXuEtaVIp1AW8QY=,g2O8FKC+SbV2T3IB9+JzwPMowTM=
-24,-30,5oRViBmkQvdseRZQDDy8AMbSJgs=,yYu1m3Td57O8GymCJKg+LtuXItk=
-28,-20,5oRViBmkQvdseRZQDDy8AMbSJgs=,iiNmgfdbxzpIlz4esRP7wDSPUGg=
-26,-29,4rn9qx2Wei5NLgMJ+HS0+JT2Bmo=,vQHedL+8/nAgovFPVb2qcA+Nd5I=
-28,-21,5oRViBmkQvdseRZQDDy8AMbSJgs=,zwIzW3By+wr8ieEqRnFnTXLsne8=
-30,-20,5oRViBmkQvdseRZQDDy8AMbSJgs=,s0fF3IYVHJZiB5ABg287cJcozI8=
-30,-21,5oRViBmkQvdseRZQDDy8AMbSJgs=,QTmmG5V/FkdhRCB7oLHXdQ1d0yA=
-29,-20,5oRViBmkQvdseRZQDDy8AMbSJgs=,s0fF3IYVHJZiB5ABg287cJcozI8=
-29,-21,5oRViBmkQvdseRZQDDy8AMbSJgs=,QTmmG5V/FkdhRCB7oLHXdQ1d0yA=
-28,-19,BS2ORcEuGl9mQXuEtaVIp1AW8QY=,iiNmgfdbxzpIlz4esRP7wDSPUGg=
-29,-17,BS2ORcEuGl9mQXuEtaVIp1AW8QY=,/cT1V7n9JSPHrVvp4tKnT7SHRO4=
-29,-19,BS2ORcEuGl9mQXuEtaVIp1AW8QY=,s0fF3IYVHJZiB5ABg287cJcozI8=
-29,-18,BS2ORcEuGl9mQXuEtaVIp1AW8QY=,/cT1V7n9JSPHrVvp4tKnT7SHRO4=
-30,-18,BS2ORcEuGl9mQXuEtaVIp1AW8QY=,/cT1V7n9JSPHrVvp4tKnT7SHRO4=
-30,-17,BS2ORcEuGl9mQXuEtaVIp1AW8QY=,/cT1V7n9JSPHrVvp4tKnT7SHRO4=
-30,-19,BS2ORcEuGl9mQXuEtaVIp1AW8QY=,s0fF3IYVHJZiB5ABg287cJcozI8=
-29,-9,fM7mexQhF9jBgVa2rFig9p2H6vw=,dvn+UC2g68veYqqATBImE8BEKjg=
-28,-8,fM7mexQhF9jBgVa2rFig9p2H6vw=,ymKVBFHOf+RABPpZCfHokyO+4ZE=
-29,-8,fM7mexQhF9jBgVa2rFig9p2H6vw=,mEoCL+kHeRvKo4fdG0V3uBZt/u4=
-28,-9,fM7mexQhF9jBgVa2rFig9p2H6vw=,oM3tGRIrxM1znam2S5QRxy0JQa0=
-27,-8,fM7mexQhF9jBgVa2rFig9p2H6vw=,ymKVBFHOf+RABPpZCfHokyO+4ZE=
-27,-9,fM7mexQhF9jBgVa2rFig9p2H6vw=,oM3tGRIrxM1znam2S5QRxy0JQa0=
-26,-8,fM7mexQhF9jBgVa2rFig9p2H6vw=,3uoAulHCD1NptMsY3wyUpnhmuoI=
-26,-9,fM7mexQhF9jBgVa2rFig9p2H6vw=,RIRRIjr3DsJFPnZ58mpKGYBiW4Y=
-27,-10,fM7mexQhF9jBgVa2rFig9p2H6vw=,oM3tGRIrxM1znam2S5QRxy0JQa0=
-26,-10,fM7mexQhF9jBgVa2rFig9p2H6vw=,RIRRIjr3DsJFPnZ58mpKGYBiW4Y=
-26,-11,fM7mexQhF9jBgVa2rFig9p2H6vw=,wnjEYipmittlhlULk945VlzCLx4=
-27,-11,fM7mexQhF9jBgVa2rFig9p2H6vw=,EO04M+CE0tS/sEVoYzU1faMkSok=
-26,-12,JjawA0Vn+hwxKX2EKUnLLg28YSg=,wnjEYipmittlhlULk945VlzCLx4=
-26,-13,JjawA0Vn+hwxKX2EKUnLLg28YSg=,la4NXdcDVE9hyNH9nB6HgR/5GxQ=
-27,-15,JjawA0Vn+hwxKX2EKUnLLg28YSg=,9LK8QZmAsvtaZNfkUpnxXiG1NkE=
-27,-12,JjawA0Vn+hwxKX2EKUnLLg28YSg=,EO04M+CE0tS/sEVoYzU1faMkSok=
-26,-14,JjawA0Vn+hwxKX2EKUnLLg28YSg=,la4NXdcDVE9hyNH9nB6HgR/5GxQ=
-26,-15,JjawA0Vn+hwxKX2EKUnLLg28YSg=,xoMcTrOy+1/l+4ZA1LpfJ13VF88=
-27,-14,JjawA0Vn+hwxKX2EKUnLLg28YSg=,OjKo6Qwe3p7N+50oh1WQdsO0o6Q=
-27,-13,JjawA0Vn+hwxKX2EKUnLLg28YSg=,OjKo6Qwe3p7N+50oh1WQdsO0o6Q=
-24,-14,JjawA0Vn+hwxKX2EKUnLLg28YSg=,u9+0wOH87IFpc+X7rvYMftJOgFE=
-25,-15,JjawA0Vn+hwxKX2EKUnLLg28YSg=,xoMcTrOy+1/l+4ZA1LpfJ13VF88=
-25,-14,JjawA0Vn+hwxKX2EKUnLLg28YSg=,la4NXdcDVE9hyNH9nB6HgR/5GxQ=
-24,-15,JjawA0Vn+hwxKX2EKUnLLg28YSg=,r5GqU0RjaQcryx1VxV0Ry2SUnR4=
-22,-15,JjawA0Vn+hwxKX2EKUnLLg28YSg=,Rn0F33ygleV7V1YdKWxcwencikM=
-23,-15,JjawA0Vn+hwxKX2EKUnLLg28YSg=,r5GqU0RjaQcryx1VxV0Ry2SUnR4=
-22,-14,JjawA0Vn+hwxKX2EKUnLLg28YSg=,0RNIe+be3WlD4mu3nyIK1lh8wdw=
-23,-14,JjawA0Vn+hwxKX2EKUnLLg28YSg=,u9+0wOH87IFpc+X7rvYMftJOgFE=
-21,-15,JjawA0Vn+hwxKX2EKUnLLg28YSg=,Rn0F33ygleV7V1YdKWxcwencikM=
-20,-15,JjawA0Vn+hwxKX2EKUnLLg28YSg=,fRYJMTg8ht4mu6ObaRxMN+996hY=
-20,-14,JjawA0Vn+hwxKX2EKUnLLg28YSg=,acr8Zz+1Oh0lcCfkqVT8paoGclE=
-21,-14,JjawA0Vn+hwxKX2EKUnLLg28YSg=,0RNIe+be3WlD4mu3nyIK1lh8wdw=
-20,-12,JjawA0Vn+hwxKX2EKUnLLg28YSg=,efaK2ADG1x+nEEslLy2nzVdVfaU=
-21,-12,JjawA0Vn+hwxKX2EKUnLLg28YSg=,Ma//HiyMF99LgjyY9o1pJZutqbs=
-21,-13,JjawA0Vn+hwxKX2EKUnLLg28YSg=,0RNIe+be3WlD4mu3nyIK1lh8wdw=
-20,-13,JjawA0Vn+hwxKX2EKUnLLg28YSg=,acr8Zz+1Oh0lcCfkqVT8paoGclE=
-23,-13,JjawA0Vn+hwxKX2EKUnLLg28YSg=,u9+0wOH87IFpc+X7rvYMftJOgFE=
-23,-12,JjawA0Vn+hwxKX2EKUnLLg28YSg=,cWU259UNQec5jTAgYzrxyCMv0AM=
-24,-13,JjawA0Vn+hwxKX2EKUnLLg28YSg=,u9+0wOH87IFpc+X7rvYMftJOgFE=
-22,-12,JjawA0Vn+hwxKX2EKUnLLg28YSg=,Ma//HiyMF99LgjyY9o1pJZutqbs=
-25,-13,JjawA0Vn+hwxKX2EKUnLLg28YSg=,la4NXdcDVE9hyNH9nB6HgR/5GxQ=
-22,-13,JjawA0Vn+hwxKX2EKUnLLg28YSg=,0RNIe+be3WlD4mu3nyIK1lh8wdw=
-25,-12,JjawA0Vn+hwxKX2EKUnLLg28YSg=,wnjEYipmittlhlULk945VlzCLx4=
-24,-12,JjawA0Vn+hwxKX2EKUnLLg28YSg=,cWU259UNQec5jTAgYzrxyCMv0AM=
-21,-11,JjawA0Vn+hwxKX2EKUnLLg28YSg=,Ma//HiyMF99LgjyY9o1pJZutqbs=
-20,-10,JjawA0Vn+hwxKX2EKUnLLg28YSg=,YN1gZNgypM5yhg63Ne5h35TUPrk=
-20,-11,JjawA0Vn+hwxKX2EKUnLLg28YSg=,efaK2ADG1x+nEEslLy2nzVdVfaU=
-21,-10,JjawA0Vn+hwxKX2EKUnLLg28YSg=,dCm0RgIoMDrpfsLjHYaP5Upaigc=
-22,-10,BS2ORcEuGl9mQXuEtaVIp1AW8QY=,dCm0RgIoMDrpfsLjHYaP5Upaigc=
-22,-11,BS2ORcEuGl9mQXuEtaVIp1AW8QY=,Ma//HiyMF99LgjyY9o1pJZutqbs=
-24,-11,fM7mexQhF9jBgVa2rFig9p2H6vw=,cWU259UNQec5jTAgYzrxyCMv0AM=
-25,-10,fM7mexQhF9jBgVa2rFig9p2H6vw=,RIRRIjr3DsJFPnZ58mpKGYBiW4Y=
-23,-10,BS2ORcEuGl9mQXuEtaVIp1AW8QY=,KiwrdcuhzUYaILegQ7KNQBKz5ho=
-23,-11,BS2ORcEuGl9mQXuEtaVIp1AW8QY=,cWU259UNQec5jTAgYzrxyCMv0AM=
-25,-11,fM7mexQhF9jBgVa2rFig9p2H6vw=,wnjEYipmittlhlULk945VlzCLx4=
-24,-10,fM7mexQhF9jBgVa2rFig9p2H6vw=,KiwrdcuhzUYaILegQ7KNQBKz5ho=
-21,-9,JjawA0Vn+hwxKX2EKUnLLg28YSg=,dCm0RgIoMDrpfsLjHYaP5Upaigc=
-20,-9,JjawA0Vn+hwxKX2EKUnLLg28YSg=,YN1gZNgypM5yhg63Ne5h35TUPrk=
-20,-8,JjawA0Vn+hwxKX2EKUnLLg28YSg=,Bx0Z8PqzJXTbqYNITHhJ7MDDdJY=
-21,-8,JjawA0Vn+hwxKX2EKUnLLg28YSg=,LBjwwGCAXZtHEzgLVRflUdg2jW4=
-23,-6,fM7mexQhF9jBgVa2rFig9p2H6vw=,ffnB9fpUwftvj0dLhBhVyjPSqWw=
-22,-8,fM7mexQhF9jBgVa2rFig9p2H6vw=,LBjwwGCAXZtHEzgLVRflUdg2jW4=
-23,-7,fM7mexQhF9jBgVa2rFig9p2H6vw=,28w7Jn2aYi/UajH0eGeiVanKpRo=
-22,-9,fM7mexQhF9jBgVa2rFig9p2H6vw=,dCm0RgIoMDrpfsLjHYaP5Upaigc=
-22,-6,fM7mexQhF9jBgVa2rFig9p2H6vw=,lBTt59L9ykW/IT7sFhyBNWpOVEk=
-24,-9,fM7mexQhF9jBgVa2rFig9p2H6vw=,KiwrdcuhzUYaILegQ7KNQBKz5ho=
-22,-7,fM7mexQhF9jBgVa2rFig9p2H6vw=,LBjwwGCAXZtHEzgLVRflUdg2jW4=
-23,-9,fM7mexQhF9jBgVa2rFig9p2H6vw=,KiwrdcuhzUYaILegQ7KNQBKz5ho=
-25,-8,fM7mexQhF9jBgVa2rFig9p2H6vw=,3uoAulHCD1NptMsY3wyUpnhmuoI=
-24,-8,fM7mexQhF9jBgVa2rFig9p2H6vw=,28w7Jn2aYi/UajH0eGeiVanKpRo=
-23,-8,fM7mexQhF9jBgVa2rFig9p2H6vw=,28w7Jn2aYi/UajH0eGeiVanKpRo=
-25,-9,fM7mexQhF9jBgVa2rFig9p2H6vw=,RIRRIjr3DsJFPnZ58mpKGYBiW4Y=
-21,-6,fM7mexQhF9jBgVa2rFig9p2H6vw=,lBTt59L9ykW/IT7sFhyBNWpOVEk=
-21,-7,JjawA0Vn+hwxKX2EKUnLLg28YSg=,LBjwwGCAXZtHEzgLVRflUdg2jW4=
-20,-6,JjawA0Vn+hwxKX2EKUnLLg28YSg=,LfRAyvYFYc7Ckl/OPrLPXBbZcKo=
-20,-7,JjawA0Vn+hwxKX2EKUnLLg28YSg=,Bx0Z8PqzJXTbqYNITHhJ7MDDdJY=
-21,-5,WeE7M/RZxpHCR8bNPWjads68KJI=,lBTt59L9ykW/IT7sFhyBNWpOVEk=
-21,-4,WeE7M/RZxpHCR8bNPWjads68KJI=,Z8nQrXMb5hE4418yBn/1KphQl5c=
-20,-4,WeE7M/RZxpHCR8bNPWjads68KJI=,ugjUAo5/jmHxMeMFREUZXXWYHbQ=
-20,-5,WeE7M/RZxpHCR8bNPWjads68KJI=,LfRAyvYFYc7Ckl/OPrLPXBbZcKo=
-18,-4,WeE7M/RZxpHCR8bNPWjads68KJI=,xTu5ogJGAyFKThsni93myAu4ZyQ=
-18,-5,WeE7M/RZxpHCR8bNPWjads68KJI=,YPm3/zWV2vyeh4I0whF1T3uw4mY=
-19,-5,WeE7M/RZxpHCR8bNPWjads68KJI=,LfRAyvYFYc7Ckl/OPrLPXBbZcKo=
-19,-4,WeE7M/RZxpHCR8bNPWjads68KJI=,ugjUAo5/jmHxMeMFREUZXXWYHbQ=
-20,-3,WeE7M/RZxpHCR8bNPWjads68KJI=,ugjUAo5/jmHxMeMFREUZXXWYHbQ=
-18,-3,WeE7M/RZxpHCR8bNPWjads68KJI=,xTu5ogJGAyFKThsni93myAu4ZyQ=
-21,-3,WeE7M/RZxpHCR8bNPWjads68KJI=,Z8nQrXMb5hE4418yBn/1KphQl5c=
-19,-3,WeE7M/RZxpHCR8bNPWjads68KJI=,ugjUAo5/jmHxMeMFREUZXXWYHbQ=
-21,-2,WeE7M/RZxpHCR8bNPWjads68KJI=,CSYb9w7yYVQe+ipbNb3CnVRYJ1U=
-18,-2,WeE7M/RZxpHCR8bNPWjads68KJI=,q6buVD10Gcq7vmnGWwMvqZCQMVU=
-19,-2,WeE7M/RZxpHCR8bNPWjads68KJI=,dHZg50a8buYOKwUei5SiyNNXv0Y=
-20,-2,WeE7M/RZxpHCR8bNPWjads68KJI=,dHZg50a8buYOKwUei5SiyNNXv0Y=
-22,-4,fM7mexQhF9jBgVa2rFig9p2H6vw=,Z8nQrXMb5hE4418yBn/1KphQl5c=
-22,-5,fM7mexQhF9jBgVa2rFig9p2H6vw=,lBTt59L9ykW/IT7sFhyBNWpOVEk=
-23,-5,fM7mexQhF9jBgVa2rFig9p2H6vw=,ffnB9fpUwftvj0dLhBhVyjPSqWw=
-23,-4,fM7mexQhF9jBgVa2rFig9p2H6vw=,1thOnBkYx/Sb40ro+/6EM6gGzfA=
-26,-2,fM7mexQhF9jBgVa2rFig9p2H6vw=,AWSRzaAOCNpoTb0/BU6j6kDKFu8=
-26,-3,fM7mexQhF9jBgVa2rFig9p2H6vw=,WV/jxJXfYk8U9QLNryr0Vu1bkzc=
-26,-5,fM7mexQhF9jBgVa2rFig9p2H6vw=,6bOL3D/dPqvTN+MFoUxA5/TA4Qg=
-25,-5,fM7mexQhF9jBgVa2rFig9p2H6vw=,6bOL3D/dPqvTN+MFoUxA5/TA4Qg=
-26,-6,fM7mexQhF9jBgVa2rFig9p2H6vw=,6bOL3D/dPqvTN+MFoUxA5/TA4Qg=
-27,-7,fM7mexQhF9jBgVa2rFig9p2H6vw=,ymKVBFHOf+RABPpZCfHokyO+4ZE=
-25,-4,fM7mexQhF9jBgVa2rFig9p2H6vw=,WV/jxJXfYk8U9QLNryr0Vu1bkzc=
-26,-7,fM7mexQhF9jBgVa2rFig9p2H6vw=,3uoAulHCD1NptMsY3wyUpnhmuoI=
-26,-4,fM7mexQhF9jBgVa2rFig9p2H6vw=,WV/jxJXfYk8U9QLNryr0Vu1bkzc=
-24,-4,fM7mexQhF9jBgVa2rFig9p2H6vw=,1thOnBkYx/Sb40ro+/6EM6gGzfA=
-24,-5,fM7mexQhF9jBgVa2rFig9p2H6vw=,ffnB9fpUwftvj0dLhBhVyjPSqWw=
-25,-6,fM7mexQhF9jBgVa2rFig9p2H6vw=,6bOL3D/dPqvTN+MFoUxA5/TA4Qg=
-25,-7,fM7mexQhF9jBgVa2rFig9p2H6vw=,3uoAulHCD1NptMsY3wyUpnhmuoI=
-24,-7,fM7mexQhF9jBgVa2rFig9p2H6vw=,28w7Jn2aYi/UajH0eGeiVanKpRo=
-24,-6,fM7mexQhF9jBgVa2rFig9p2H6vw=,ffnB9fpUwftvj0dLhBhVyjPSqWw=
-25,-3,fM7mexQhF9jBgVa2rFig9p2H6vw=,WV/jxJXfYk8U9QLNryr0Vu1bkzc=
-24,-3,fM7mexQhF9jBgVa2rFig9p2H6vw=,1thOnBkYx/Sb40ro+/6EM6gGzfA=
-25,-2,fM7mexQhF9jBgVa2rFig9p2H6vw=,AWSRzaAOCNpoTb0/BU6j6kDKFu8=
-23,-3,fM7mexQhF9jBgVa2rFig9p2H6vw=,1thOnBkYx/Sb40ro+/6EM6gGzfA=
-22,-2,fM7mexQhF9jBgVa2rFig9p2H6vw=,CSYb9w7yYVQe+ipbNb3CnVRYJ1U=
-22,-3,fM7mexQhF9jBgVa2rFig9p2H6vw=,Z8nQrXMb5hE4418yBn/1KphQl5c=
-24,-2,fM7mexQhF9jBgVa2rFig9p2H6vw=,2k7x7DrU9BCpxACxZgKvhOKJHTk=
-23,-2,fM7mexQhF9jBgVa2rFig9p2H6vw=,2k7x7DrU9BCpxACxZgKvhOKJHTk=
-26,-1,WeE7M/RZxpHCR8bNPWjads68KJI=,AWSRzaAOCNpoTb0/BU6j6kDKFu8=
-25,-1,WeE7M/RZxpHCR8bNPWjads68KJI=,AWSRzaAOCNpoTb0/BU6j6kDKFu8=
-24,-1,WeE7M/RZxpHCR8bNPWjads68KJI=,2k7x7DrU9BCpxACxZgKvhOKJHTk=
-31,-9,fM7mexQhF9jBgVa2rFig9p2H6vw=,b8tlf1zgHQQfV/pfouV0TEPt8aA=
-30,-9,fM7mexQhF9jBgVa2rFig9p2H6vw=,dvn+UC2g68veYqqATBImE8BEKjg=
-30,-8,fM7mexQhF9jBgVa2rFig9p2H6vw=,mEoCL+kHeRvKo4fdG0V3uBZt/u4=
-29,-5,fM7mexQhF9jBgVa2rFig9p2H6vw=,/klcbIEWfU/g5NEqom28VckYvDo=
-29,-4,fM7mexQhF9jBgVa2rFig9p2H6vw=,IAmiQAIu5o73a/5WMJyvkuBgHbI=
-29,-7,fM7mexQhF9jBgVa2rFig9p2H6vw=,mEoCL+kHeRvKo4fdG0V3uBZt/u4=
-29,-6,fM7mexQhF9jBgVa2rFig9p2H6vw=,/klcbIEWfU/g5NEqom28VckYvDo=
-30,-4,fM7mexQhF9jBgVa2rFig9p2H6vw=,IAmiQAIu5o73a/5WMJyvkuBgHbI=
-28,-7,fM7mexQhF9jBgVa2rFig9p2H6vw=,ymKVBFHOf+RABPpZCfHokyO+4ZE=
-30,-5,fM7mexQhF9jBgVa2rFig9p2H6vw=,/klcbIEWfU/g5NEqom28VckYvDo=
-30,-6,fM7mexQhF9jBgVa2rFig9p2H6vw=,/klcbIEWfU/g5NEqom28VckYvDo=
-30,-7,fM7mexQhF9jBgVa2rFig9p2H6vw=,mEoCL+kHeRvKo4fdG0V3uBZt/u4=
-29,-1,fM7mexQhF9jBgVa2rFig9p2H6vw=,enaLP+4QtsJ6MCR5mFL7j4GDfJs=
-29,-3,fM7mexQhF9jBgVa2rFig9p2H6vw=,IAmiQAIu5o73a/5WMJyvkuBgHbI=
-29,-2,fM7mexQhF9jBgVa2rFig9p2H6vw=,enaLP+4QtsJ6MCR5mFL7j4GDfJs=
-30,-3,fM7mexQhF9jBgVa2rFig9p2H6vw=,IAmiQAIu5o73a/5WMJyvkuBgHbI=
-32,-9,WeE7M/RZxpHCR8bNPWjads68KJI=,b8tlf1zgHQQfV/pfouV0TEPt8aA=
-30,-1,fM7mexQhF9jBgVa2rFig9p2H6vw=,enaLP+4QtsJ6MCR5mFL7j4GDfJs=
-30,-2,fM7mexQhF9jBgVa2rFig9p2H6vw=,enaLP+4QtsJ6MCR5mFL7j4GDfJs=
-22,-1,WeE7M/RZxpHCR8bNPWjads68KJI=,CSYb9w7yYVQe+ipbNb3CnVRYJ1U=
-23,-1,WeE7M/RZxpHCR8bNPWjads68KJI=,2k7x7DrU9BCpxACxZgKvhOKJHTk=
-21,-1,WeE7M/RZxpHCR8bNPWjads68KJI=,CSYb9w7yYVQe+ipbNb3CnVRYJ1U=
-20,-1,WeE7M/RZxpHCR8bNPWjads68KJI=,dHZg50a8buYOKwUei5SiyNNXv0Y=
-18,-1,WeE7M/RZxpHCR8bNPWjads68KJI=,q6buVD10Gcq7vmnGWwMvqZCQMVU=
-19,-1,WeE7M/RZxpHCR8bNPWjads68KJI=,dHZg50a8buYOKwUei5SiyNNXv0Y=
-17,-2,WeE7M/RZxpHCR8bNPWjads68KJI=,q6buVD10Gcq7vmnGWwMvqZCQMVU=
-17,-3,WeE7M/RZxpHCR8bNPWjads68KJI=,xTu5ogJGAyFKThsni93myAu4ZyQ=
-17,-5,WeE7M/RZxpHCR8bNPWjads68KJI=,YPm3/zWV2vyeh4I0whF1T3uw4mY=
-17,-4,WeE7M/RZxpHCR8bNPWjads68KJI=,xTu5ogJGAyFKThsni93myAu4ZyQ=
-31,-10,fM7mexQhF9jBgVa2rFig9p2H6vw=,b8tlf1zgHQQfV/pfouV0TEPt8aA=
-29,-13,JjawA0Vn+hwxKX2EKUnLLg28YSg=,09wYK1mmz0qCRLpg6u+Wpp6KseU=
-29,-12,JjawA0Vn+hwxKX2EKUnLLg28YSg=,Z7EoIQfy2qmYexFBAuNqlWxvMq8=
-28,-13,JjawA0Vn+hwxKX2EKUnLLg28YSg=,OjKo6Qwe3p7N+50oh1WQdsO0o6Q=
-31,-12,JjawA0Vn+hwxKX2EKUnLLg28YSg=,RFDapZXRmemDar8OPePe+98/Pos=
-31,-11,fM7mexQhF9jBgVa2rFig9p2H6vw=,RFDapZXRmemDar8OPePe+98/Pos=
-29,-11,fM7mexQhF9jBgVa2rFig9p2H6vw=,Z7EoIQfy2qmYexFBAuNqlWxvMq8=
-30,-12,JjawA0Vn+hwxKX2EKUnLLg28YSg=,Z7EoIQfy2qmYexFBAuNqlWxvMq8=
-28,-10,fM7mexQhF9jBgVa2rFig9p2H6vw=,oM3tGRIrxM1znam2S5QRxy0JQa0=
-30,-10,fM7mexQhF9jBgVa2rFig9p2H6vw=,dvn+UC2g68veYqqATBImE8BEKjg=
-29,-10,fM7mexQhF9jBgVa2rFig9p2H6vw=,dvn+UC2g68veYqqATBImE8BEKjg=
-30,-13,JjawA0Vn+hwxKX2EKUnLLg28YSg=,09wYK1mmz0qCRLpg6u+Wpp6KseU=
-30,-11,fM7mexQhF9jBgVa2rFig9p2H6vw=,Z7EoIQfy2qmYexFBAuNqlWxvMq8=
-28,-12,JjawA0Vn+hwxKX2EKUnLLg28YSg=,EO04M+CE0tS/sEVoYzU1faMkSok=
-28,-11,fM7mexQhF9jBgVa2rFig9p2H6vw=,EO04M+CE0tS/sEVoYzU1faMkSok=
-28,-16,WeE7M/RZxpHCR8bNPWjads68KJI=,9LK8QZmAsvtaZNfkUpnxXiG1NkE=
-28,-15,WeE7M/RZxpHCR8bNPWjads68KJI=,9LK8QZmAsvtaZNfkUpnxXiG1NkE=
-29,-14,WeE7M/RZxpHCR8bNPWjads68KJI=,09wYK1mmz0qCRLpg6u+Wpp6KseU=
-29,-15,WeE7M/RZxpHCR8bNPWjads68KJI=,H8AyZM0+OUCZjGcq5QQZ7UmAVIg=
-29,-16,WeE7M/RZxpHCR8bNPWjads68KJI=,H8AyZM0+OUCZjGcq5QQZ7UmAVIg=
-28,-14,WeE7M/RZxpHCR8bNPWjads68KJI=,OjKo6Qwe3p7N+50oh1WQdsO0o6Q=
-30,-14,WeE7M/RZxpHCR8bNPWjads68KJI=,09wYK1mmz0qCRLpg6u+Wpp6KseU=
-30,-15,WeE7M/RZxpHCR8bNPWjads68KJI=,H8AyZM0+OUCZjGcq5QQZ7UmAVIg=
-30,-16,WeE7M/RZxpHCR8bNPWjads68KJI=,H8AyZM0+OUCZjGcq5QQZ7UmAVIg=
-19,-6,WeE7M/RZxpHCR8bNPWjads68KJI=,LfRAyvYFYc7Ckl/OPrLPXBbZcKo=
-18,-7,WeE7M/RZxpHCR8bNPWjads68KJI=,9lrSLgmkOGDxd0XfelM2nw6tqmQ=
-18,-6,WeE7M/RZxpHCR8bNPWjads68KJI=,YPm3/zWV2vyeh4I0whF1T3uw4mY=
-19,-7,WeE7M/RZxpHCR8bNPWjads68KJI=,Bx0Z8PqzJXTbqYNITHhJ7MDDdJY=
-18,-9,WeE7M/RZxpHCR8bNPWjads68KJI=,lMrJdIUNR3flbQJ6s5nSCDSXnLc=
-19,-9,WeE7M/RZxpHCR8bNPWjads68KJI=,YN1gZNgypM5yhg63Ne5h35TUPrk=
-18,-8,WeE7M/RZxpHCR8bNPWjads68KJI=,9lrSLgmkOGDxd0XfelM2nw6tqmQ=
-19,-8,WeE7M/RZxpHCR8bNPWjads68KJI=,Bx0Z8PqzJXTbqYNITHhJ7MDDdJY=
-17,-7,WeE7M/RZxpHCR8bNPWjads68KJI=,9lrSLgmkOGDxd0XfelM2nw6tqmQ=
-32,-11,WeE7M/RZxpHCR8bNPWjads68KJI=,RFDapZXRmemDar8OPePe+98/Pos=
-32,-10,WeE7M/RZxpHCR8bNPWjads68KJI=,b8tlf1zgHQQfV/pfouV0TEPt8aA=
-17,-6,WeE7M/RZxpHCR8bNPWjads68KJI=,YPm3/zWV2vyeh4I0whF1T3uw4mY=
-17,-9,WeE7M/RZxpHCR8bNPWjads68KJI=,lMrJdIUNR3flbQJ6s5nSCDSXnLc=
-17,-8,WeE7M/RZxpHCR8bNPWjads68KJI=,9lrSLgmkOGDxd0XfelM2nw6tqmQ=
-27,-16,WeE7M/RZxpHCR8bNPWjads68KJI=,9LK8QZmAsvtaZNfkUpnxXiG1NkE=
-32,-12,WeE7M/RZxpHCR8bNPWjads68KJI=,RFDapZXRmemDar8OPePe+98/Pos=
-26,-16,WeE7M/RZxpHCR8bNPWjads68KJI=,xoMcTrOy+1/l+4ZA1LpfJ13VF88=
-22,-16,JjawA0Vn+hwxKX2EKUnLLg28YSg=,Rn0F33ygleV7V1YdKWxcwencikM=
-23,-16,JjawA0Vn+hwxKX2EKUnLLg28YSg=,r5GqU0RjaQcryx1VxV0Ry2SUnR4=
-20,-16,JjawA0Vn+hwxKX2EKUnLLg28YSg=,fRYJMTg8ht4mu6ObaRxMN+996hY=
-21,-16,JjawA0Vn+hwxKX2EKUnLLg28YSg=,Rn0F33ygleV7V1YdKWxcwencikM=
-24,-16,WeE7M/RZxpHCR8bNPWjads68KJI=,r5GqU0RjaQcryx1VxV0Ry2SUnR4=
-25,-16,WeE7M/RZxpHCR8bNPWjads68KJI=,xoMcTrOy+1/l+4ZA1LpfJ13VF88=
-17,-1,WeE7M/RZxpHCR8bNPWjads68KJI=,q6buVD10Gcq7vmnGWwMvqZCQMVU=
-19,-10,WeE7M/RZxpHCR8bNPWjads68KJI=,YN1gZNgypM5yhg63Ne5h35TUPrk=
-17,-13,JjawA0Vn+hwxKX2EKUnLLg28YSg=,e24Nqa+4FXz+kcmh+uVus1klnLU=
-17,-10,WeE7M/RZxpHCR8bNPWjads68KJI=,lMrJdIUNR3flbQJ6s5nSCDSXnLc=
-19,-11,WeE7M/RZxpHCR8bNPWjads68KJI=,efaK2ADG1x+nEEslLy2nzVdVfaU=
-18,-10,WeE7M/RZxpHCR8bNPWjads68KJI=,lMrJdIUNR3flbQJ6s5nSCDSXnLc=
-19,-13,JjawA0Vn+hwxKX2EKUnLLg28YSg=,acr8Zz+1Oh0lcCfkqVT8paoGclE=
-17,-12,WeE7M/RZxpHCR8bNPWjads68KJI=,AFMxOAFja1RWSHk2lZVetau/Ptw=
-18,-11,WeE7M/RZxpHCR8bNPWjads68KJI=,AFMxOAFja1RWSHk2lZVetau/Ptw=
-18,-13,JjawA0Vn+hwxKX2EKUnLLg28YSg=,e24Nqa+4FXz+kcmh+uVus1klnLU=
-18,-12,JjawA0Vn+hwxKX2EKUnLLg28YSg=,AFMxOAFja1RWSHk2lZVetau/Ptw=
-19,-12,JjawA0Vn+hwxKX2EKUnLLg28YSg=,efaK2ADG1x+nEEslLy2nzVdVfaU=
-17,-11,WeE7M/RZxpHCR8bNPWjads68KJI=,AFMxOAFja1RWSHk2lZVetau/Ptw=
-18,-16,WeE7M/RZxpHCR8bNPWjads68KJI=,OTY5mPS7BS2hLso1CZZIh+e89rE=
-18,-15,WeE7M/RZxpHCR8bNPWjads68KJI=,OTY5mPS7BS2hLso1CZZIh+e89rE=
-19,-15,WeE7M/RZxpHCR8bNPWjads68KJI=,fRYJMTg8ht4mu6ObaRxMN+996hY=
-17,-15,WeE7M/RZxpHCR8bNPWjads68KJI=,OTY5mPS7BS2hLso1CZZIh+e89rE=
-19,-16,WeE7M/RZxpHCR8bNPWjads68KJI=,fRYJMTg8ht4mu6ObaRxMN+996hY=
-18,-14,WeE7M/RZxpHCR8bNPWjads68KJI=,e24Nqa+4FXz+kcmh+uVus1klnLU=
-17,-16,WeE7M/RZxpHCR8bNPWjads68KJI=,OTY5mPS7BS2hLso1CZZIh+e89rE=
-19,-14,WeE7M/RZxpHCR8bNPWjads68KJI=,acr8Zz+1Oh0lcCfkqVT8paoGclE=
-17,-14,WeE7M/RZxpHCR8bNPWjads68KJI=,e24Nqa+4FXz+kcmh+uVus1klnLU=
-12,-31,8QqhA6p1/sKrqVrw+6ME86kKotw=,UYeEvEuS+vuxtQpx8qpjqNPhJmM=
-13,-31,8QqhA6p1/sKrqVrw+6ME86kKotw=,2LTimVPr7Z6qwKU80Zwy6hl4ah0=
-15,-31,8QqhA6p1/sKrqVrw+6ME86kKotw=,Gq9uuqJNu+GhNllr5EJad1FIYe4=
-14,-31,8QqhA6p1/sKrqVrw+6ME86kKotw=,2LTimVPr7Z6qwKU80Zwy6hl4ah0=
-16,-31,8QqhA6p1/sKrqVrw+6ME86kKotw=,Gq9uuqJNu+GhNllr5EJad1FIYe4=
-14,-32,8QqhA6p1/sKrqVrw+6ME86kKotw=,2LTimVPr7Z6qwKU80Zwy6hl4ah0=
-15,-32,8QqhA6p1/sKrqVrw+6ME86kKotw=,Gq9uuqJNu+GhNllr5EJad1FIYe4=
-12,-32,z82R8mrqwZeupFzSzoLbsnltSvc=,UYeEvEuS+vuxtQpx8qpjqNPhJmM=
-13,-32,z82R8mrqwZeupFzSzoLbsnltSvc=,2LTimVPr7Z6qwKU80Zwy6hl4ah0=
-10,-31,z82R8mrqwZeupFzSzoLbsnltSvc=,WX0XLTU1bmXHqFCPIqrO3pfOjuU=
-11,-31,z82R8mrqwZeupFzSzoLbsnltSvc=,UYeEvEuS+vuxtQpx8qpjqNPhJmM=
-9,-31,z82R8mrqwZeupFzSzoLbsnltSvc=,WX0XLTU1bmXHqFCPIqrO3pfOjuU=
-8,-31,z82R8mrqwZeupFzSzoLbsnltSvc=,0aNI3VLtnjrYWmHyNT8Vb/W9sMY=
-6,-31,z82R8mrqwZeupFzSzoLbsnltSvc=,9DvjHtdbH/niQHEq/HXifNH0Op4=
-7,-31,z82R8mrqwZeupFzSzoLbsnltSvc=,0aNI3VLtnjrYWmHyNT8Vb/W9sMY=
-2,-32,z82R8mrqwZeupFzSzoLbsnltSvc=,yMLGbSEnE4UmRMTJyK5zi4Qpbds=
-3,-32,z82R8mrqwZeupFzSzoLbsnltSvc=,o+JfNLNmVr1z6WE/Yhl5F1GDCPI=
-4,-31,z82R8mrqwZeupFzSzoLbsnltSvc=,o+JfNLNmVr1z6WE/Yhl5F1GDCPI=
-5,-31,z82R8mrqwZeupFzSzoLbsnltSvc=,9DvjHtdbH/niQHEq/HXifNH0Op4=
-4,-32,z82R8mrqwZeupFzSzoLbsnltSvc=,o+JfNLNmVr1z6WE/Yhl5F1GDCPI=
-8,-32,z82R8mrqwZeupFzSzoLbsnltSvc=,0aNI3VLtnjrYWmHyNT8Vb/W9sMY=
-11,-32,z82R8mrqwZeupFzSzoLbsnltSvc=,UYeEvEuS+vuxtQpx8qpjqNPhJmM=
-9,-32,z82R8mrqwZeupFzSzoLbsnltSvc=,WX0XLTU1bmXHqFCPIqrO3pfOjuU=
-1,-32,z82R8mrqwZeupFzSzoLbsnltSvc=,yMLGbSEnE4UmRMTJyK5zi4Qpbds=
-5,-32,z82R8mrqwZeupFzSzoLbsnltSvc=,9DvjHtdbH/niQHEq/HXifNH0Op4=
-7,-32,z82R8mrqwZeupFzSzoLbsnltSvc=,0aNI3VLtnjrYWmHyNT8Vb/W9sMY=
-6,-32,z82R8mrqwZeupFzSzoLbsnltSvc=,9DvjHtdbH/niQHEq/HXifNH0Op4=
-10,-32,z82R8mrqwZeupFzSzoLbsnltSvc=,WX0XLTU1bmXHqFCPIqrO3pfOjuU=
-16,-32,z82R8mrqwZeupFzSzoLbsnltSvc=,Gq9uuqJNu+GhNllr5EJad1FIYe4=
-1,-31,z82R8mrqwZeupFzSzoLbsnltSvc=,yMLGbSEnE4UmRMTJyK5zi4Qpbds=
-3,-31,z82R8mrqwZeupFzSzoLbsnltSvc=,o+JfNLNmVr1z6WE/Yhl5F1GDCPI=
-2,-31,z82R8mrqwZeupFzSzoLbsnltSvc=,yMLGbSEnE4UmRMTJyK5zi4Qpbds=
-19,-31,BS2ORcEuGl9mQXuEtaVIp1AW8QY=,quT/nJiI8xy9FzLDdYrr5txWBtU=
-18,-31,BS2ORcEuGl9mQXuEtaVIp1AW8QY=,NdZj4WB0Jftfi77YcwEa1xDGhR0=
-17,-31,BS2ORcEuGl9mQXuEtaVIp1AW8QY=,NdZj4WB0Jftfi77YcwEa1xDGhR0=
-20,-31,BS2ORcEuGl9mQXuEtaVIp1AW8QY=,quT/nJiI8xy9FzLDdYrr5txWBtU=
-19,-32,BS2ORcEuGl9mQXuEtaVIp1AW8QY=,quT/nJiI8xy9FzLDdYrr5txWBtU=
-18,-32,BS2ORcEuGl9mQXuEtaVIp1AW8QY=,NdZj4WB0Jftfi77YcwEa1xDGhR0=
-17,-32,BS2ORcEuGl9mQXuEtaVIp1AW8QY=,NdZj4WB0Jftfi77YcwEa1xDGhR0=
-20,-32,BS2ORcEuGl9mQXuEtaVIp1AW8QY=,quT/nJiI8xy9FzLDdYrr5txWBtU=
-23,-32,BS2ORcEuGl9mQXuEtaVIp1AW8QY=,ONWZhtz5w7Xj1HsCnh/csL1Yrd8=
-23,-31,5oRViBmkQvdseRZQDDy8AMbSJgs=,ONWZhtz5w7Xj1HsCnh/csL1Yrd8=
-28,-31,5oRViBmkQvdseRZQDDy8AMbSJgs=,cc8SH/CtwgofXDF/GtN7tdg+9ug=
-28,-32,BS2ORcEuGl9mQXuEtaVIp1AW8QY=,cc8SH/CtwgofXDF/GtN7tdg+9ug=
-24,-31,5oRViBmkQvdseRZQDDy8AMbSJgs=,ONWZhtz5w7Xj1HsCnh/csL1Yrd8=
-27,-31,5oRViBmkQvdseRZQDDy8AMbSJgs=,cc8SH/CtwgofXDF/GtN7tdg+9ug=
-25,-31,5oRViBmkQvdseRZQDDy8AMbSJgs=,+Bys6PRke9vQzhSiUFLfPWFGPpI=
-26,-32,BS2ORcEuGl9mQXuEtaVIp1AW8QY=,+Bys6PRke9vQzhSiUFLfPWFGPpI=
-27,-32,BS2ORcEuGl9mQXuEtaVIp1AW8QY=,cc8SH/CtwgofXDF/GtN7tdg+9ug=
-26,-31,5oRViBmkQvdseRZQDDy8AMbSJgs=,+Bys6PRke9vQzhSiUFLfPWFGPpI=
-25,-32,BS2ORcEuGl9mQXuEtaVIp1AW8QY=,+Bys6PRke9vQzhSiUFLfPWFGPpI=
-24,-32,BS2ORcEuGl9mQXuEtaVIp1AW8QY=,ONWZhtz5w7Xj1HsCnh/csL1Yrd8=
-29,-31,5oRViBmkQvdseRZQDDy8AMbSJgs=,NWC+yJmUFy4NlHgiYhtfk3i0gxo=
-30,-31,BS2ORcEuGl9mQXuEtaVIp1AW8QY=,NWC+yJmUFy4NlHgiYhtfk3i0gxo=
-30,-32,BS2ORcEuGl9mQXuEtaVIp1AW8QY=,NWC+yJmUFy4NlHgiYhtfk3i0gxo=
-29,-32,BS2ORcEuGl9mQXuEtaVIp1AW8QY=,NWC+yJmUFy4NlHgiYhtfk3i0gxo=
-31,-20,5oRViBmkQvdseRZQDDy8AMbSJgs=,TQuJU3xzJAhgwOmZ+pAQqbNnLaM=
-31,-21,5oRViBmkQvdseRZQDDy8AMbSJgs=,/vpM0UhD8hE7XS5sWOJJv3l0Wv0=
-31,-25,5oRViBmkQvdseRZQDDy8AMbSJgs=,q20XVYuK9KvZzHljpM9BzY8mBOQ=
-31,-22,5oRViBmkQvdseRZQDDy8AMbSJgs=,/vpM0UhD8hE7XS5sWOJJv3l0Wv0=
-31,-24,5oRViBmkQvdseRZQDDy8AMbSJgs=,x5nTIEbXx+GXWGv9OkksYF1y3nY=
-31,-23,5oRViBmkQvdseRZQDDy8AMbSJgs=,x5nTIEbXx+GXWGv9OkksYF1y3nY=
-21,-32,BS2ORcEuGl9mQXuEtaVIp1AW8QY=,F7DiVVk7Pv7MuDEC1b6JtOZOqx0=
-21,-31,BS2ORcEuGl9mQXuEtaVIp1AW8QY=,F7DiVVk7Pv7MuDEC1b6JtOZOqx0=
-31,-27,5oRViBmkQvdseRZQDDy8AMbSJgs=,fddTGVNTNg9B0gaPW8cj8Ns7UOo=
-31,-26,5oRViBmkQvdseRZQDDy8AMbSJgs=,q20XVYuK9KvZzHljpM9BzY8mBOQ=
-32,-28,BS2ORcEuGl9mQXuEtaVIp1AW8QY=,fddTGVNTNg9B0gaPW8cj8Ns7UOo=
-32,-29,BS2ORcEuGl9mQXuEtaVIp1AW8QY=,OszUSzo/CTrqgQhm2RFXc6cPROE=
-32,-26,BS2ORcEuGl9mQXuEtaVIp1AW8QY=,q20XVYuK9KvZzHljpM9BzY8mBOQ=
-32,-22,BS2ORcEuGl9mQXuEtaVIp1AW8QY=,/vpM0UhD8hE7XS5sWOJJv3l0Wv0=
-32,-24,BS2ORcEuGl9mQXuEtaVIp1AW8QY=,x5nTIEbXx+GXWGv9OkksYF1y3nY=
-32,-27,BS2ORcEuGl9mQXuEtaVIp1AW8QY=,fddTGVNTNg9B0gaPW8cj8Ns7UOo=
-32,-23,BS2ORcEuGl9mQXuEtaVIp1AW8QY=,x5nTIEbXx+GXWGv9OkksYF1y3nY=
-32,-25,BS2ORcEuGl9mQXuEtaVIp1AW8QY=,q20XVYuK9KvZzHljpM9BzY8mBOQ=
-31,-32,BS2ORcEuGl9mQXuEtaVIp1AW8QY=,Xxe6lhlWSUjXyh8WWzMNkAPWUVc=
-32,-31,BS2ORcEuGl9mQXuEtaVIp1AW8QY=,Xxe6lhlWSUjXyh8WWzMNkAPWUVc=
-32,-30,BS2ORcEuGl9mQXuEtaVIp1AW8QY=,OszUSzo/CTrqgQhm2RFXc6cPROE=
-31,-29,5oRViBmkQvdseRZQDDy8AMbSJgs=,OszUSzo/CTrqgQhm2RFXc6cPROE=
-31,-28,5oRViBmkQvdseRZQDDy8AMbSJgs=,fddTGVNTNg9B0gaPW8cj8Ns7UOo=
-31,-31,BS2ORcEuGl9mQXuEtaVIp1AW8QY=,Xxe6lhlWSUjXyh8WWzMNkAPWUVc=
-31,-30,BS2ORcEuGl9mQXuEtaVIp1AW8QY=,OszUSzo/CTrqgQhm2RFXc6cPROE=
-22,-31,5oRViBmkQvdseRZQDDy8AMbSJgs=,F7DiVVk7Pv7MuDEC1b6JtOZOqx0=
-22,-32,BS2ORcEuGl9mQXuEtaVIp1AW8QY=,F7DiVVk7Pv7MuDEC1b6JtOZOqx0=
-32,-20,BS2ORcEuGl9mQXuEtaVIp1AW8QY=,TQuJU3xzJAhgwOmZ+pAQqbNnLaM=
-32,-21,BS2ORcEuGl9mQXuEtaVIp1AW8QY=,/vpM0UhD8hE7XS5sWOJJv3l0Wv0=
-32,-19,BS2ORcEuGl9mQXuEtaVIp1AW8QY=,TQuJU3xzJAhgwOmZ+pAQqbNnLaM=
-32,-18,BS2ORcEuGl9mQXuEtaVIp1AW8QY=,vgQBbLwGOsaQRB+HlBCuE9CuV3U=
-32,-17,BS2ORcEuGl9mQXuEtaVIp1AW8QY=,vgQBbLwGOsaQRB+HlBCuE9CuV3U=
-32,-32,BS2ORcEuGl9mQXuEtaVIp1AW8QY=,Xxe6lhlWSUjXyh8WWzMNkAPWUVc=
-31,-17,BS2ORcEuGl9mQXuEtaVIp1AW8QY=,vgQBbLwGOsaQRB+HlBCuE9CuV3U=
-31,-18,BS2ORcEuGl9mQXuEtaVIp1AW8QY=,vgQBbLwGOsaQRB+HlBCuE9CuV3U=
-31,-19,BS2ORcEuGl9mQXuEtaVIp1AW8QY=,TQuJU3xzJAhgwOmZ+pAQqbNnLaM=
-31,-13,JjawA0Vn+hwxKX2EKUnLLg28YSg=,rtUmqfgaId7z11b9Fq4EApyRz4o=
-31,-8,fM7mexQhF9jBgVa2rFig9p2H6vw=,5BMsWVSb84fJyyKVEEM75aevHsc=
-31,-7,fM7mexQhF9jBgVa2rFig9p2H6vw=,5BMsWVSb84fJyyKVEEM75aevHsc=
-31,-6,fM7mexQhF9jBgVa2rFig9p2H6vw=,cy8dKnS8lkSeqC65uWyfvnhg33U=
-31,-4,fM7mexQhF9jBgVa2rFig9p2H6vw=,+TOyyPJxlgCssie9iveZX7GJTm8=
-31,-5,fM7mexQhF9jBgVa2rFig9p2H6vw=,cy8dKnS8lkSeqC65uWyfvnhg33U=
-31,-1,fM7mexQhF9jBgVa2rFig9p2H6vw=,xu0DA+NxnR2lxHSKh/yftuH5z3M=
-31,-2,fM7mexQhF9jBgVa2rFig9p2H6vw=,xu0DA+NxnR2lxHSKh/yftuH5z3M=
-31,-3,fM7mexQhF9jBgVa2rFig9p2H6vw=,+TOyyPJxlgCssie9iveZX7GJTm8=
-32,-1,WeE7M/RZxpHCR8bNPWjads68KJI=,xu0DA+NxnR2lxHSKh/yftuH5z3M=
-32,-13,WeE7M/RZxpHCR8bNPWjads68KJI=,rtUmqfgaId7z11b9Fq4EApyRz4o=
-32,-14,JjawA0Vn+hwxKX2EKUnLLg28YSg=,rtUmqfgaId7z11b9Fq4EApyRz4o=
-32,-16,JjawA0Vn+hwxKX2EKUnLLg28YSg=,Z2/nW3IWlcUBcBFy6aK4re5KOac=
-32,-15,JjawA0Vn+hwxKX2EKUnLLg28YSg=,Z2/nW3IWlcUBcBFy6aK4re5KOac=
-32,-8,WeE7M/RZxpHCR8bNPWjads68KJI=,5BMsWVSb84fJyyKVEEM75aevHsc=
-32,-3,fM7mexQhF9jBgVa2rFig9p2H6vw=,+TOyyPJxlgCssie9iveZX7GJTm8=
-32,-2,fM7mexQhF9jBgVa2rFig9p2H6vw=,xu0DA+NxnR2lxHSKh/yftuH5z3M=
-32,-4,WeE7M/RZxpHCR8bNPWjads68KJI=,+TOyyPJxlgCssie9iveZX7GJTm8=
-32,-5,WeE7M/RZxpHCR8bNPWjads68KJI=,cy8dKnS8lkSeqC65uWyfvnhg33U=
-32,-7,WeE7M/RZxpHCR8bNPWjads68KJI=,5BMsWVSb84fJyyKVEEM75aevHsc=
-32,-6,WeE7M/RZxpHCR8bNPWjads68KJI=,cy8dKnS8lkSeqC65uWyfvnhg33U=
-31,-14,WeE7M/RZxpHCR8bNPWjads68KJI=,rtUmqfgaId7z11b9Fq4EApyRz4o=
-31,-15,WeE7M/RZxpHCR8bNPWjads68KJI=,Z2/nW3IWlcUBcBFy6aK4re5KOac=
-31,-16,WeE7M/RZxpHCR8bNPWjads68KJI=,Z2/nW3IWlcUBcBFy6aK4re5KOac=
