-19,32,s+KwgrYjm77VV3HXiP2n6j/AOQg=,My676cpHM8b4cnOWRNINTZ9219U=
-18,32,s+KwgrYjm77VV3HXiP2n6j/AOQg=,wDg+w06F6plLMft/8Zet1BIKOY0=
-29,33,s+KwgrYjm77VV3HXiP2n6j/AOQg=,1od5QmjosAS9bLeV3Pbt0poUkSk=
-28,33,s+KwgrYjm77VV3HXiP2n6j/AOQg=,WnIs9jpyCwgnE/iX7VCobl9xWAg=
-29,32,s+KwgrYjm77VV3HXiP2n6j/AOQg=,1od5QmjosAS9bLeV3Pbt0poUkSk=
-28,32,s+KwgrYjm77VV3HXiP2n6j/AOQg=,WnIs9jpyCwgnE/iX7VCobl9xWAg=
-21,32,s+KwgrYjm77VV3HXiP2n6j/AOQg=,NxlXXeTk6e6RQYIol+F0jRq/p0s=
-20,32,s+KwgrYjm77VV3HXiP2n6j/AOQg=,My676cpHM8b4cnOWRNINTZ9219U=
-23,32,s+KwgrYjm77VV3HXiP2n6j/AOQg=,Rf47vIbc8eZp/MxhNkpRZc47b+k=
-19,33,s+KwgrYjm77VV3HXiP2n6j/AOQg=,My676cpHM8b4cnOWRNINTZ9219U=
-22,32,s+KwgrYjm77VV3HXiP2n6j/AOQg=,NxlXXeTk6e6RQYIol+F0jRq/p0s=
-22,33,s+KwgrYjm77VV3HXiP2n6j/AOQg=,NxlXXeTk6e6RQYIol+F0jRq/p0s=
-20,33,s+KwgrYjm77VV3HXiP2n6j/AOQg=,My676cpHM8b4cnOWRNINTZ9219U=
-23,33,s+KwgrYjm77VV3HXiP2n6j/AOQg=,Rf47vIbc8eZp/MxhNkpRZc47b+k=
-24,32,s+KwgrYjm77VV3HXiP2n6j/AOQg=,Rf47vIbc8eZp/MxhNkpRZc47b+k=
-18,33,s+KwgrYjm77VV3HXiP2n6j/AOQg=,wDg+w06F6plLMft/8Zet1BIKOY0=
-26,32,s+KwgrYjm77VV3HXiP2n6j/AOQg=,ktkon9gMIHJubHOptDXCV3wtxvc=
-25,32,s+KwgrYjm77VV3HXiP2n6j/AOQg=,ktkon9gMIHJubHOptDXCV3wtxvc=
-17,32,s+KwgrYjm77VV3HXiP2n6j/AOQg=,wDg+w06F6plLMft/8Zet1BIKOY0=
-27,33,s+KwgrYjm77VV3HXiP2n6j/AOQg=,WnIs9jpyCwgnE/iX7VCobl9xWAg=
-27,32,s+KwgrYjm77VV3HXiP2n6j/AOQg=,WnIs9jpyCwgnE/iX7VCobl9xWAg=
-21,33,s+KwgrYjm77VV3HXiP2n6j/AOQg=,NxlXXeTk6e6RQYIol+F0jRq/p0s=
-17,33,s+KwgrYjm77VV3HXiP2n6j/AOQg=,wDg+w06F6plLMft/8Zet1BIKOY0=
-25,33,s+KwgrYjm77VV3HXiP2n6j/AOQg=,ktkon9gMIHJubHOptDXCV3wtxvc=
-31,32,s+KwgrYjm77VV3HXiP2n6j/AOQg=,EwfD0XXabqwUUBjHDRl0ZQRtVH0=
-31,33,s+KwgrYjm77VV3HXiP2n6j/AOQg=,EwfD0XXabqwUUBjHDRl0ZQRtVH0=
-30,32,s+KwgrYjm77VV3HXiP2n6j/AOQg=,1od5QmjosAS9bLeV3Pbt0poUkSk=
-32,32,s+KwgrYjm77VV3HXiP2n6j/AOQg=,EwfD0XXabqwUUBjHDRl0ZQRtVH0=
-26,33,s+KwgrYjm77VV3HXiP2n6j/AOQg=,ktkon9gMIHJubHOptDXCV3wtxvc=
-30,33,s+KwgrYjm77VV3HXiP2n6j/AOQg=,1od5QmjosAS9bLeV3Pbt0poUkSk=
-24,33,s+KwgrYjm77VV3HXiP2n6j/AOQg=,Rf47vIbc8eZp/MxhNkpRZc47b+k=
-32,33,s+KwgrYjm77VV3HXiP2n6j/AOQg=,EwfD0XXabqwUUBjHDRl0ZQRtVH0=
-6,32,+6MrqT5MkmvYX/sQoD8zSIBoq2k=,zbEO1pXLq96dxhIH8nobMTBIYjQ=
-7,32,+6MrqT5MkmvYX/sQoD8zSIBoq2k=,2tS4PIZM0KFLTx5UIoL8TzfK6wA=
-5,32,+6MrqT5MkmvYX/sQoD8zSIBoq2k=,zbEO1pXLq96dxhIH8nobMTBIYjQ=
-4,32,+6MrqT5MkmvYX/sQoD8zSIBoq2k=,JQNahevErUk+rUdRsf3Z5wFtNzI=
-3,32,+6MrqT5MkmvYX/sQoD8zSIBoq2k=,JQNahevErUk+rUdRsf3Z5wFtNzI=
-2,32,+6MrqT5MkmvYX/sQoD8zSIBoq2k=,LFJ0tK9xX0i+8Xts3PJ4joqLs2Q=
-13,32,+6MrqT5MkmvYX/sQoD8zSIBoq2k=,AyoCwYVognBixl89QW682n1Hp8g=
-1,32,+6MrqT5MkmvYX/sQoD8zSIBoq2k=,LFJ0tK9xX0i+8Xts3PJ4joqLs2Q=
-4,33,+6MrqT5MkmvYX/sQoD8zSIBoq2k=,JQNahevErUk+rUdRsf3Z5wFtNzI=
-12,32,+6MrqT5MkmvYX/sQoD8zSIBoq2k=,G1GB6ytFluj5+PyF72AvBVpmMLI=
-7,33,+6MrqT5MkmvYX/sQoD8zSIBoq2k=,2tS4PIZM0KFLTx5UIoL8TzfK6wA=
-6,33,+6MrqT5MkmvYX/sQoD8zSIBoq2k=,zbEO1pXLq96dxhIH8nobMTBIYjQ=
-1,33,+6MrqT5MkmvYX/sQoD8zSIBoq2k=,LFJ0tK9xX0i+8Xts3PJ4joqLs2Q=
-12,33,+6MrqT5MkmvYX/sQoD8zSIBoq2k=,G1GB6ytFluj5+PyF72AvBVpmMLI=
-13,33,+6MrqT5MkmvYX/sQoD8zSIBoq2k=,AyoCwYVognBixl89QW682n1Hp8g=
-3,33,+6MrqT5MkmvYX/sQoD8zSIBoq2k=,JQNahevErUk+rUdRsf3Z5wFtNzI=
-2,33,+6MrqT5MkmvYX/sQoD8zSIBoq2k=,LFJ0tK9xX0i+8Xts3PJ4joqLs2Q=
-5,33,+6MrqT5MkmvYX/sQoD8zSIBoq2k=,zbEO1pXLq96dxhIH8nobMTBIYjQ=
-9,32,+6MrqT5MkmvYX/sQoD8zSIBoq2k=,dLbmH+KrQwAnKZnVecGdoZ1oyho=
-8,33,+6MrqT5MkmvYX/sQoD8zSIBoq2k=,2tS4PIZM0KFLTx5UIoL8TzfK6wA=
-11,32,+6MrqT5MkmvYX/sQoD8zSIBoq2k=,G1GB6ytFluj5+PyF72AvBVpmMLI=
-10,32,+6MrqT5MkmvYX/sQoD8zSIBoq2k=,dLbmH+KrQwAnKZnVecGdoZ1oyho=
-10,33,+6MrqT5MkmvYX/sQoD8zSIBoq2k=,dLbmH+KrQwAnKZnVecGdoZ1oyho=
-8,32,+6MrqT5MkmvYX/sQoD8zSIBoq2k=,2tS4PIZM0KFLTx5UIoL8TzfK6wA=
-11,33,+6MrqT5MkmvYX/sQoD8zSIBoq2k=,G1GB6ytFluj5+PyF72AvBVpmMLI=
-9,33,+6MrqT5MkmvYX/sQoD8zSIBoq2k=,dLbmH+KrQwAnKZnVecGdoZ1oyho=
-15,32,+6MrqT5MkmvYX/sQoD8zSIBoq2k=,Qgylnl2OvU8iu2Op8GTwZQ+05UM=
-14,32,+6MrqT5MkmvYX/sQoD8zSIBoq2k=,AyoCwYVognBixl89QW682n1Hp8g=
-16,32,+6MrqT5MkmvYX/sQoD8zSIBoq2k=,Qgylnl2OvU8iu2Op8GTwZQ+05UM=
-16,33,+6MrqT5MkmvYX/sQoD8zSIBoq2k=,Qgylnl2OvU8iu2Op8GTwZQ+05UM=
-15,33,+6MrqT5MkmvYX/sQoD8zSIBoq2k=,Qgylnl2OvU8iu2Op8GTwZQ+05UM=
-14,33,+6MrqT5MkmvYX/sQoD8zSIBoq2k=,AyoCwYVognBixl89QW682n1Hp8g=
