19,-33,wUw+tcFu+y+zlKTH1gpKk8TyoKM=,iujyUtLeAKRZAY7OPIUIG7fEw7A=
20,-33,wUw+tcFu+y+zlKTH1gpKk8TyoKM=,DYToHjPYnlXsHODS0V8Sc+mhSqc=
20,-34,wUw+tcFu+y+zlKTH1gpKk8TyoKM=,DYToHjPYnlXsHODS0V8Sc+mhSqc=
19,-34,wUw+tcFu+y+zlKTH1gpKk8TyoKM=,iujyUtLeAKRZAY7OPIUIG7fEw7A=
21,-33,wUw+tcFu+y+zlKTH1gpKk8TyoKM=,DYToHjPYnlXsHODS0V8Sc+mhSqc=
22,-34,wUw+tcFu+y+zlKTH1gpKk8TyoKM=,oBObVHXeVb2fLh58SXkZlRpUXfc=
21,-34,wUw+tcFu+y+zlKTH1gpKk8TyoKM=,DYToHjPYnlXsHODS0V8Sc+mhSqc=
22,-33,wUw+tcFu+y+zlKTH1gpKk8TyoKM=,oBObVHXeVb2fLh58SXkZlRpUXfc=
23,-33,wUw+tcFu+y+zlKTH1gpKk8TyoKM=,oBObVHXeVb2fLh58SXkZlRpUXfc=
18,-33,wUw+tcFu+y+zlKTH1gpKk8TyoKM=,iujyUtLeAKRZAY7OPIUIG7fEw7A=
24,-34,wUw+tcFu+y+zlKTH1gpKk8TyoKM=,ivjbNkNVs3EnS2/m6OT3GQVLfaU=
17,-33,wUw+tcFu+y+zlKTH1gpKk8TyoKM=,wlCCaLkYIQTMD/SqECtYilm4dyQ=
24,-33,wUw+tcFu+y+zlKTH1gpKk8TyoKM=,ivjbNkNVs3EnS2/m6OT3GQVLfaU=
18,-34,wUw+tcFu+y+zlKTH1gpKk8TyoKM=,iujyUtLeAKRZAY7OPIUIG7fEw7A=
23,-34,wUw+tcFu+y+zlKTH1gpKk8TyoKM=,oBObVHXeVb2fLh58SXkZlRpUXfc=
17,-34,wUw+tcFu+y+zlKTH1gpKk8TyoKM=,wlCCaLkYIQTMD/SqECtYilm4dyQ=
16,-33,wUw+tcFu+y+zlKTH1gpKk8TyoKM=,wlCCaLkYIQTMD/SqECtYilm4dyQ=
16,-34,wUw+tcFu+y+zlKTH1gpKk8TyoKM=,wlCCaLkYIQTMD/SqECtYilm4dyQ=
26,-34,wUw+tcFu+y+zlKTH1gpKk8TyoKM=,QKDprNgS3h1STHDGMJvO0/2NTFQ=
25,-33,wUw+tcFu+y+zlKTH1gpKk8TyoKM=,ivjbNkNVs3EnS2/m6OT3GQVLfaU=
27,-34,wUw+tcFu+y+zlKTH1gpKk8TyoKM=,QKDprNgS3h1STHDGMJvO0/2NTFQ=
30,-33,wUw+tcFu+y+zlKTH1gpKk8TyoKM=,NohzT+UHJ5bv89vRsw6u1KOqAWQ=
25,-34,wUw+tcFu+y+zlKTH1gpKk8TyoKM=,ivjbNkNVs3EnS2/m6OT3GQVLfaU=
29,-33,wUw+tcFu+y+zlKTH1gpKk8TyoKM=,XspdCrIFpUYHZ/DDOLeCHbQYOvY=
26,-33,wUw+tcFu+y+zlKTH1gpKk8TyoKM=,QKDprNgS3h1STHDGMJvO0/2NTFQ=
31,-33,wUw+tcFu+y+zlKTH1gpKk8TyoKM=,NohzT+UHJ5bv89vRsw6u1KOqAWQ=
29,-34,wUw+tcFu+y+zlKTH1gpKk8TyoKM=,XspdCrIFpUYHZ/DDOLeCHbQYOvY=
31,-34,wUw+tcFu+y+zlKTH1gpKk8TyoKM=,NohzT+UHJ5bv89vRsw6u1KOqAWQ=
30,-34,wUw+tcFu+y+zlKTH1gpKk8TyoKM=,NohzT+UHJ5bv89vRsw6u1KOqAWQ=
28,-34,wUw+tcFu+y+zlKTH1gpKk8TyoKM=,XspdCrIFpUYHZ/DDOLeCHbQYOvY=
28,-33,wUw+tcFu+y+zlKTH1gpKk8TyoKM=,XspdCrIFpUYHZ/DDOLeCHbQYOvY=
27,-33,wUw+tcFu+y+zlKTH1gpKk8TyoKM=,QKDprNgS3h1STHDGMJvO0/2NTFQ=
10,-33,5aALaVzivBnsUVcR8U6sjYbOmQc=,N1PNFIBwr/of7KYO1PPuXwme2ro=
9,-33,5aALaVzivBnsUVcR8U6sjYbOmQc=,FZSdWq9dW0GLMou9G/QhHX06rFs=
7,-33,5aALaVzivBnsUVcR8U6sjYbOmQc=,G+Gi2R5Tj7MA3YthWMkOruBoz24=
13,-34,5aALaVzivBnsUVcR8U6sjYbOmQc=,6kMos/RED4G0nB0D0uTz39bmTpk=
7,-34,5aALaVzivBnsUVcR8U6sjYbOmQc=,G+Gi2R5Tj7MA3YthWMkOruBoz24=
5,-33,5aALaVzivBnsUVcR8U6sjYbOmQc=,+lWWJm4xzIsGUjbICDTulEPFY7Q=
6,-33,5aALaVzivBnsUVcR8U6sjYbOmQc=,G+Gi2R5Tj7MA3YthWMkOruBoz24=
8,-33,5aALaVzivBnsUVcR8U6sjYbOmQc=,FZSdWq9dW0GLMou9G/QhHX06rFs=
6,-34,5aALaVzivBnsUVcR8U6sjYbOmQc=,G+Gi2R5Tj7MA3YthWMkOruBoz24=
14,-34,5aALaVzivBnsUVcR8U6sjYbOmQc=,KWZ6Iyg9XhHmQp/YwQP3rMVf9R0=
5,-34,5aALaVzivBnsUVcR8U6sjYbOmQc=,+lWWJm4xzIsGUjbICDTulEPFY7Q=
12,-33,5aALaVzivBnsUVcR8U6sjYbOmQc=,6kMos/RED4G0nB0D0uTz39bmTpk=
10,-34,5aALaVzivBnsUVcR8U6sjYbOmQc=,N1PNFIBwr/of7KYO1PPuXwme2ro=
8,-34,5aALaVzivBnsUVcR8U6sjYbOmQc=,FZSdWq9dW0GLMou9G/QhHX06rFs=
12,-34,5aALaVzivBnsUVcR8U6sjYbOmQc=,6kMos/RED4G0nB0D0uTz39bmTpk=
13,-33,5aALaVzivBnsUVcR8U6sjYbOmQc=,6kMos/RED4G0nB0D0uTz39bmTpk=
11,-34,5aALaVzivBnsUVcR8U6sjYbOmQc=,N1PNFIBwr/of7KYO1PPuXwme2ro=
1,-33,5aALaVzivBnsUVcR8U6sjYbOmQc=,7vMr/JsJjjo7z3LkvCpoUUK94qI=
11,-33,5aALaVzivBnsUVcR8U6sjYbOmQc=,N1PNFIBwr/of7KYO1PPuXwme2ro=
2,-34,5aALaVzivBnsUVcR8U6sjYbOmQc=,yO983mnO4ou+V/6gnEJWNut3iu0=
14,-33,5aALaVzivBnsUVcR8U6sjYbOmQc=,KWZ6Iyg9XhHmQp/YwQP3rMVf9R0=
9,-34,5aALaVzivBnsUVcR8U6sjYbOmQc=,FZSdWq9dW0GLMou9G/QhHX06rFs=
0,-34,5aALaVzivBnsUVcR8U6sjYbOmQc=,7vMr/JsJjjo7z3LkvCpoUUK94qI=
4,-33,5aALaVzivBnsUVcR8U6sjYbOmQc=,+lWWJm4xzIsGUjbICDTulEPFY7Q=
15,-33,5aALaVzivBnsUVcR8U6sjYbOmQc=,KWZ6Iyg9XhHmQp/YwQP3rMVf9R0=
3,-34,5aALaVzivBnsUVcR8U6sjYbOmQc=,yO983mnO4ou+V/6gnEJWNut3iu0=
15,-34,5aALaVzivBnsUVcR8U6sjYbOmQc=,KWZ6Iyg9XhHmQp/YwQP3rMVf9R0=
4,-34,5aALaVzivBnsUVcR8U6sjYbOmQc=,+lWWJm4xzIsGUjbICDTulEPFY7Q=
2,-33,5aALaVzivBnsUVcR8U6sjYbOmQc=,yO983mnO4ou+V/6gnEJWNut3iu0=
0,-33,5aALaVzivBnsUVcR8U6sjYbOmQc=,7vMr/JsJjjo7z3LkvCpoUUK94qI=
1,-34,5aALaVzivBnsUVcR8U6sjYbOmQc=,7vMr/JsJjjo7z3LkvCpoUUK94qI=
3,-33,5aALaVzivBnsUVcR8U6sjYbOmQc=,yO983mnO4ou+V/6gnEJWNut3iu0=
