3,33,aIhUTbsQKTORfgp7P659KWdnSYo=,SaTIqtbowBgscinGnkpVyiUbkns=
4,33,aIhUTbsQKTORfgp7P659KWdnSYo=,YLjvEbj8xgDPkoC4NforWmCQAoM=
9,32,aIhUTbsQKTORfgp7P659KWdnSYo=,MqMen0DTo0sfdWQijhCqTqhHrH4=
10,32,aIhUTbsQKTORfgp7P659KWdnSYo=,BAwdjWanoQNqNQOgX+k3NLDGizA=
10,33,aIhUTbsQKTORfgp7P659KWdnSYo=,BAwdjWanoQNqNQOgX+k3NLDGizA=
9,33,aIhUTbsQKTORfgp7P659KWdnSYo=,MqMen0DTo0sfdWQijhCqTqhHrH4=
3,32,aIhUTbsQKTORfgp7P659KWdnSYo=,SaTIqtbowBgscinGnkpVyiUbkns=
4,32,aIhUTbsQKTORfgp7P659KWdnSYo=,YLjvEbj8xgDPkoC4NforWmCQAoM=
15,32,aIhUTbsQKTORfgp7P659KWdnSYo=,qNZTHbKXRiocOfQjxkuZMkUQLAs=
15,33,aIhUTbsQKTORfgp7P659KWdnSYo=,qNZTHbKXRiocOfQjxkuZMkUQLAs=
11,32,aIhUTbsQKTORfgp7P659KWdnSYo=,BAwdjWanoQNqNQOgX+k3NLDGizA=
14,33,aIhUTbsQKTORfgp7P659KWdnSYo=,qNZTHbKXRiocOfQjxkuZMkUQLAs=
12,32,aIhUTbsQKTORfgp7P659KWdnSYo=,YcCMFozXELWgGwVYrrlz1dUiTKA=
11,33,aIhUTbsQKTORfgp7P659KWdnSYo=,BAwdjWanoQNqNQOgX+k3NLDGizA=
12,33,aIhUTbsQKTORfgp7P659KWdnSYo=,YcCMFozXELWgGwVYrrlz1dUiTKA=
14,32,aIhUTbsQKTORfgp7P659KWdnSYo=,qNZTHbKXRiocOfQjxkuZMkUQLAs=
8,32,aIhUTbsQKTORfgp7P659KWdnSYo=,MqMen0DTo0sfdWQijhCqTqhHrH4=
13,33,aIhUTbsQKTORfgp7P659KWdnSYo=,YcCMFozXELWgGwVYrrlz1dUiTKA=
5,32,aIhUTbsQKTORfgp7P659KWdnSYo=,YLjvEbj8xgDPkoC4NforWmCQAoM=
13,32,aIhUTbsQKTORfgp7P659KWdnSYo=,YcCMFozXELWgGwVYrrlz1dUiTKA=
7,32,aIhUTbsQKTORfgp7P659KWdnSYo=,tUrUOkcgpXSygEdxo7QlR9FmilI=
8,33,aIhUTbsQKTORfgp7P659KWdnSYo=,MqMen0DTo0sfdWQijhCqTqhHrH4=
7,33,aIhUTbsQKTORfgp7P659KWdnSYo=,tUrUOkcgpXSygEdxo7QlR9FmilI=
6,32,aIhUTbsQKTORfgp7P659KWdnSYo=,tUrUOkcgpXSygEdxo7QlR9FmilI=
5,33,aIhUTbsQKTORfgp7P659KWdnSYo=,YLjvEbj8xgDPkoC4NforWmCQAoM=
6,33,aIhUTbsQKTORfgp7P659KWdnSYo=,tUrUOkcgpXSygEdxo7QlR9FmilI=
2,33,aIhUTbsQKTORfgp7P659KWdnSYo=,SaTIqtbowBgscinGnkpVyiUbkns=
2,32,aIhUTbsQKTORfgp7P659KWdnSYo=,SaTIqtbowBgscinGnkpVyiUbkns=
1,32,aIhUTbsQKTORfgp7P659KWdnSYo=,mIQYoTKDVGYN4/3vJHnuF/6Jv+I=
1,33,aIhUTbsQKTORfgp7P659KWdnSYo=,mIQYoTKDVGYN4/3vJHnuF/6Jv+I=
0,32,aIhUTbsQKTORfgp7P659KWdnSYo=,mIQYoTKDVGYN4/3vJHnuF/6Jv+I=
0,33,aIhUTbsQKTORfgp7P659KWdnSYo=,mIQYoTKDVGYN4/3vJHnuF/6Jv+I=
27,33,m/7LAusn3MINiXdrtj1+yxEcZYs=,Px5H+7VLyCMUndNuNrhIAJp0D/I=
28,33,m/7LAusn3MINiXdrtj1+yxEcZYs=,Z8GFw7kEEA2wzqs61GSU9LfCeOc=
27,32,m/7LAusn3MINiXdrtj1+yxEcZYs=,Px5H+7VLyCMUndNuNrhIAJp0D/I=
28,32,m/7LAusn3MINiXdrtj1+yxEcZYs=,Z8GFw7kEEA2wzqs61GSU9LfCeOc=
30,32,m/7LAusn3MINiXdrtj1+yxEcZYs=,l3z6UBP+2pTqGV7EDukwmhpkFQk=
22,33,m/7LAusn3MINiXdrtj1+yxEcZYs=,S/R+LcuERjXtPSdzmQx7/RrpV0s=
21,33,m/7LAusn3MINiXdrtj1+yxEcZYs=,FC0hZoJ7uy9ReTpMz4t3lOV5t5I=
29,32,m/7LAusn3MINiXdrtj1+yxEcZYs=,Z8GFw7kEEA2wzqs61GSU9LfCeOc=
23,33,m/7LAusn3MINiXdrtj1+yxEcZYs=,S/R+LcuERjXtPSdzmQx7/RrpV0s=
24,33,m/7LAusn3MINiXdrtj1+yxEcZYs=,r58XgQjp+5PfAnMz7qXSXVPCa1I=
30,33,m/7LAusn3MINiXdrtj1+yxEcZYs=,l3z6UBP+2pTqGV7EDukwmhpkFQk=
25,33,m/7LAusn3MINiXdrtj1+yxEcZYs=,r58XgQjp+5PfAnMz7qXSXVPCa1I=
31,32,m/7LAusn3MINiXdrtj1+yxEcZYs=,l3z6UBP+2pTqGV7EDukwmhpkFQk=
22,32,m/7LAusn3MINiXdrtj1+yxEcZYs=,S/R+LcuERjXtPSdzmQx7/RrpV0s=
21,32,m/7LAusn3MINiXdrtj1+yxEcZYs=,FC0hZoJ7uy9ReTpMz4t3lOV5t5I=
26,33,m/7LAusn3MINiXdrtj1+yxEcZYs=,Px5H+7VLyCMUndNuNrhIAJp0D/I=
29,33,m/7LAusn3MINiXdrtj1+yxEcZYs=,Z8GFw7kEEA2wzqs61GSU9LfCeOc=
31,33,m/7LAusn3MINiXdrtj1+yxEcZYs=,l3z6UBP+2pTqGV7EDukwmhpkFQk=
24,32,m/7LAusn3MINiXdrtj1+yxEcZYs=,r58XgQjp+5PfAnMz7qXSXVPCa1I=
23,32,m/7LAusn3MINiXdrtj1+yxEcZYs=,S/R+LcuERjXtPSdzmQx7/RrpV0s=
20,32,m/7LAusn3MINiXdrtj1+yxEcZYs=,FC0hZoJ7uy9ReTpMz4t3lOV5t5I=
26,32,m/7LAusn3MINiXdrtj1+yxEcZYs=,Px5H+7VLyCMUndNuNrhIAJp0D/I=
25,32,m/7LAusn3MINiXdrtj1+yxEcZYs=,r58XgQjp+5PfAnMz7qXSXVPCa1I=
19,33,m/7LAusn3MINiXdrtj1+yxEcZYs=,/vE6KjznH2mjcRhkfgR7wrHlSC8=
19,32,m/7LAusn3MINiXdrtj1+yxEcZYs=,/vE6KjznH2mjcRhkfgR7wrHlSC8=
20,33,m/7LAusn3MINiXdrtj1+yxEcZYs=,FC0hZoJ7uy9ReTpMz4t3lOV5t5I=
17,32,m/7LAusn3MINiXdrtj1+yxEcZYs=,pvW51F+HqGlSmzHdAYW3aqNQuto=
16,32,m/7LAusn3MINiXdrtj1+yxEcZYs=,pvW51F+HqGlSmzHdAYW3aqNQuto=
18,32,m/7LAusn3MINiXdrtj1+yxEcZYs=,/vE6KjznH2mjcRhkfgR7wrHlSC8=
16,33,m/7LAusn3MINiXdrtj1+yxEcZYs=,pvW51F+HqGlSmzHdAYW3aqNQuto=
17,33,m/7LAusn3MINiXdrtj1+yxEcZYs=,pvW51F+HqGlSmzHdAYW3aqNQuto=
18,33,m/7LAusn3MINiXdrtj1+yxEcZYs=,/vE6KjznH2mjcRhkfgR7wrHlSC8=
