-4,1,NZWFLSUSa1DuE3XsRf4d243qaFk=,oSE/LFTcxw3O8bUDJih1HzPEt5E=
-4,2,NZWFLSUSa1DuE3XsRf4d243qaFk=,ZsG7Q5TuNl3eFnJItJy1bDCRlcc=
-4,3,NZWFLSUSa1DuE3XsRf4d243qaFk=,h3bGdn6ZFs5VlZI3/PnLWjAjujQ=
-3,1,NZWFLSUSa1DuE3XsRf4d243qaFk=,V+tPFzIJiwxjGEqRGL7j+pgLLjg=
-3,0,NZWFLSUSa1DuE3XsRf4d243qaFk=,SPV6SO/rAPgsqpB9IVMuu7DYfyc=
-3,3,NZWFLSUSa1DuE3XsRf4d243qaFk=,nCsuZ4gpUAbHeyuls6Bu7qCp3WA=
-3,2,NZWFLSUSa1DuE3XsRf4d243qaFk=,QCuUT05/yMRvsDQeO+Ys4IVvYTA=
-2,4,NZWFLSUSa1DuE3XsRf4d243qaFk=,nCsuZ4gpUAbHeyuls6Bu7qCp3WA=
-2,2,NZWFLSUSa1DuE3XsRf4d243qaFk=,QCuUT05/yMRvsDQeO+Ys4IVvYTA=
-2,3,NZWFLSUSa1DuE3XsRf4d243qaFk=,QCuUT05/yMRvsDQeO+Ys4IVvYTA=
-2,0,NZWFLSUSa1DuE3XsRf4d243qaFk=,SPV6SO/rAPgsqpB9IVMuu7DYfyc=
-2,1,NZWFLSUSa1DuE3XsRf4d243qaFk=,V+tPFzIJiwxjGEqRGL7j+pgLLjg=
-1,11,psaK0IwnDgIYWYKsqCsst7Q1VIY=,SPV6SO/rAPgsqpB9IVMuu7DYfyc=
-1,10,psaK0IwnDgIYWYKsqCsst7Q1VIY=,SPV6SO/rAPgsqpB9IVMuu7DYfyc=
-1,9,psaK0IwnDgIYWYKsqCsst7Q1VIY=,SPV6SO/rAPgsqpB9IVMuu7DYfyc=
-1,8,psaK0IwnDgIYWYKsqCsst7Q1VIY=,SPV6SO/rAPgsqpB9IVMuu7DYfyc=
-1,7,psaK0IwnDgIYWYKsqCsst7Q1VIY=,SPV6SO/rAPgsqpB9IVMuu7DYfyc=
-1,6,psaK0IwnDgIYWYKsqCsst7Q1VIY=,Cu5vNWCT4UmmRdzT4Z3XkJoT/Z8=
-1,5,psaK0IwnDgIYWYKsqCsst7Q1VIY=,QCuUT05/yMRvsDQeO+Ys4IVvYTA=
-1,4,psaK0IwnDgIYWYKsqCsst7Q1VIY=,QCuUT05/yMRvsDQeO+Ys4IVvYTA=
-1,3,psaK0IwnDgIYWYKsqCsst7Q1VIY=,QCuUT05/yMRvsDQeO+Ys4IVvYTA=
-1,2,psaK0IwnDgIYWYKsqCsst7Q1VIY=,QCuUT05/yMRvsDQeO+Ys4IVvYTA=
-1,1,psaK0IwnDgIYWYKsqCsst7Q1VIY=,V+tPFzIJiwxjGEqRGL7j+pgLLjg=
-1,0,psaK0IwnDgIYWYKsqCsst7Q1VIY=,SPV6SO/rAPgsqpB9IVMuu7DYfyc=
-10,31,nj9c0ALa4Xpi1wm4KJ7xrKFFsLo=,sHdfKkLqhNMlC0CmY8M3vPFq3zM=
-9,31,81g6FAHpkJmN6u26fM9PfvxDzQE=,sHdfKkLqhNMlC0CmY8M3vPFq3zM=
-9,30,81g6FAHpkJmN6u26fM9PfvxDzQE=,sHdfKkLqhNMlC0CmY8M3vPFq3zM=
-8,29,81g6FAHpkJmN6u26fM9PfvxDzQE=,o2h6Wz7Z3ar7ywZsvR0bT9ihCbM=
-7,29,81g6FAHpkJmN6u26fM9PfvxDzQE=,o2h6Wz7Z3ar7ywZsvR0bT9ihCbM=
-7,28,81g6FAHpkJmN6u26fM9PfvxDzQE=,o2h6Wz7Z3ar7ywZsvR0bT9ihCbM=
-6,27,81g6FAHpkJmN6u26fM9PfvxDzQE=,o2h6Wz7Z3ar7ywZsvR0bT9ihCbM=
-6,28,81g6FAHpkJmN6u26fM9PfvxDzQE=,o2h6Wz7Z3ar7ywZsvR0bT9ihCbM=
-5,26,81g6FAHpkJmN6u26fM9PfvxDzQE=,o2h6Wz7Z3ar7ywZsvR0bT9ihCbM=
-5,25,81g6FAHpkJmN6u26fM9PfvxDzQE=,o2h6Wz7Z3ar7ywZsvR0bT9ihCbM=
-4,24,NZWFLSUSa1DuE3XsRf4d243qaFk=,o2h6Wz7Z3ar7ywZsvR0bT9ihCbM=
-4,25,NZWFLSUSa1DuE3XsRf4d243qaFk=,o2h6Wz7Z3ar7ywZsvR0bT9ihCbM=
-4,0,NZWFLSUSa1DuE3XsRf4d243qaFk=,SPV6SO/rAPgsqpB9IVMuu7DYfyc=
-3,25,NZWFLSUSa1DuE3XsRf4d243qaFk=,o2h6Wz7Z3ar7ywZsvR0bT9ihCbM=
-3,21,NZWFLSUSa1DuE3XsRf4d243qaFk=,SPV6SO/rAPgsqpB9IVMuu7DYfyc=
-3,20,NZWFLSUSa1DuE3XsRf4d243qaFk=,SPV6SO/rAPgsqpB9IVMuu7DYfyc=
-3,23,NZWFLSUSa1DuE3XsRf4d243qaFk=,SPV6SO/rAPgsqpB9IVMuu7DYfyc=
-3,17,NZWFLSUSa1DuE3XsRf4d243qaFk=,SPV6SO/rAPgsqpB9IVMuu7DYfyc=
-3,16,NZWFLSUSa1DuE3XsRf4d243qaFk=,SPV6SO/rAPgsqpB9IVMuu7DYfyc=
-3,19,NZWFLSUSa1DuE3XsRf4d243qaFk=,SPV6SO/rAPgsqpB9IVMuu7DYfyc=
-3,18,NZWFLSUSa1DuE3XsRf4d243qaFk=,SPV6SO/rAPgsqpB9IVMuu7DYfyc=
-3,15,NZWFLSUSa1DuE3XsRf4d243qaFk=,SPV6SO/rAPgsqpB9IVMuu7DYfyc=
-2,22,NZWFLSUSa1DuE3XsRf4d243qaFk=,SPV6SO/rAPgsqpB9IVMuu7DYfyc=
-2,15,NZWFLSUSa1DuE3XsRf4d243qaFk=,SPV6SO/rAPgsqpB9IVMuu7DYfyc=
-2,6,NZWFLSUSa1DuE3XsRf4d243qaFk=,h3bGdn6ZFs5VlZI3/PnLWjAjujQ=
-2,7,NZWFLSUSa1DuE3XsRf4d243qaFk=,SPV6SO/rAPgsqpB9IVMuu7DYfyc=
-2,5,NZWFLSUSa1DuE3XsRf4d243qaFk=,ZsG7Q5TuNl3eFnJItJy1bDCRlcc=
-1,15,psaK0IwnDgIYWYKsqCsst7Q1VIY=,SPV6SO/rAPgsqpB9IVMuu7DYfyc=
-1,14,psaK0IwnDgIYWYKsqCsst7Q1VIY=,SPV6SO/rAPgsqpB9IVMuu7DYfyc=
-1,13,psaK0IwnDgIYWYKsqCsst7Q1VIY=,SPV6SO/rAPgsqpB9IVMuu7DYfyc=
-1,12,psaK0IwnDgIYWYKsqCsst7Q1VIY=,SPV6SO/rAPgsqpB9IVMuu7DYfyc=
