-1,-8,zGd+OvVm5aN1AhQ7GzaTjvzuURk=,jGKquBOaaxTOJFa+VJftcwkcb+8=
-1,-1,zGd+OvVm5aN1AhQ7GzaTjvzuURk=,S99uuo2NsvnHeSwOCA5qoR/You0=
-1,-2,LO3i2LnmO8/LA6rHPYXH7NYYekQ=,eeNDCu/1xsQ9j4DuqmMj4pjgEh0=
-1,-5,LO3i2LnmO8/LA6rHPYXH7NYYekQ=,KDt4wdJYVu+0w4qLxPW+FQi2rgU=
-1,-6,LO3i2LnmO8/LA6rHPYXH7NYYekQ=,KDt4wdJYVu+0w4qLxPW+FQi2rgU=
-1,-7,zGd+OvVm5aN1AhQ7GzaTjvzuURk=,KDt4wdJYVu+0w4qLxPW+FQi2rgU=
-1,-4,LO3i2LnmO8/LA6rHPYXH7NYYekQ=,/1YXmLNZuL4Ib1ES/tj9Gx+8Vi0=
-1,-3,LO3i2LnmO8/LA6rHPYXH7NYYekQ=,/1YXmLNZuL4Ib1ES/tj9Gx+8Vi0=
-2,-2,DKWPp+39+45DBdFbC3SWkqfzPkM=,Dwc6kNXPTeX+YbqGRyeJxMYr2Wc=
-2,-4,LO3i2LnmO8/LA6rHPYXH7NYYekQ=,kALn821tBk3wwQnqtCT8d5udGfk=
-2,-3,DKWPp+39+45DBdFbC3SWkqfzPkM=,Dwc6kNXPTeX+YbqGRyeJxMYr2Wc=
