1,-8,9T6dYEgnYghizw2/DBUKrKl8DZM=,PfnpOQpZScPufhT4byKZlMWnHrM=
1,-1,9T6dYEgnYghizw2/DBUKrKl8DZM=,aNbsOqWz00ekif82TfCGiPWldi0=
1,-2,3FCce/q6/KhoWj6DR7YjxS3l3lQ=,J1y6tJQpnvvwji9gfenePjTqBoE=
1,-3,3FCce/q6/KhoWj6DR7YjxS3l3lQ=,J1y6tJQpnvvwji9gfenePjTqBoE=
0,-8,DKWPp+39+45DBdFbC3SWkqfzPkM=,qO5oJCrDbecNrLN2zcCjPTjlNFc=
0,-1,VG3olkx882fFpS66wXvGIGAhmPo=,pI8A2cSWXwEm9PgCp0t2VcON5Pg=
0,-2,DKWPp+39+45DBdFbC3SWkqfzPkM=,BAMSmDdl58Vr71JAqzZJ87j68og=
7,-5,VG3olkx882fFpS66wXvGIGAhmPo=,Dwc6kNXPTeX+YbqGRyeJxMYr2Wc=
7,-6,VG3olkx882fFpS66wXvGIGAhmPo=,PQ6xVzJGJCVbYSCLilWrr5Uxqu0=
7,-7,VG3olkx882fFpS66wXvGIGAhmPo=,PQ6xVzJGJCVbYSCLilWrr5Uxqu0=
7,-8,erZE+tjLWEeA5oKwuEL5O2q0Egw=,rKvqU1A3W6+XHkVVbNbGvQ1eXR8=
6,-8,KsFiU8b0HfJmJSHVx+f0/zCN2CY=,1SFjuchn3+tHuQHTAOvSE44KXZo=
6,-7,erZE+tjLWEeA5oKwuEL5O2q0Egw=,rJNUt6MdDC3NDTJ1Sa2HViv7Jw8=
6,-6,erZE+tjLWEeA5oKwuEL5O2q0Egw=,ucK5Xp1kCZW6fereqkT2+1/h0F0=
5,-7,FUOrz4NXbT+GWn8EbRE0KYps2sw=,2307vbri4NMSJBkHw62AmU3+EZw=
5,-8,B8EohgG4LDJUd+ScItuQ71RRZlM=,2307vbri4NMSJBkHw62AmU3+EZw=
4,-8,B8EohgG4LDJUd+ScItuQ71RRZlM=,1SHR94/f6LGER4xNt56904Bll4k=
3,-7,No8ssYsuntBklgrow+WnVkR/2jA=,SZRQbBzpx3my37q/giJuk9fKUws=
3,-8,No8ssYsuntBklgrow+WnVkR/2jA=,SZRQbBzpx3my37q/giJuk9fKUws=
2,-8,No8ssYsuntBklgrow+WnVkR/2jA=,Bzg/FPymcZNq1xutzDmlveTcubI=
